method,inlier_ratio,noise_sigma,coherent_outlier_probability,coherent_outlier_spread,unary_separation,distractor_score_bonus,registration_recall,median_rotation_error_deg,median_translation_error,mean_runtime_seconds,evaluated_samples
one_hop,0.03,0.01,0.0,0.055,0.0,0.0,1.0,0.37655982069070515,0.0034297074434262,0.232620189949921,20
one_hop,0.03,0.01,0.0,0.055,0.0,0.25,1.0,0.36454062837609374,0.0031725716910528503,0.22957500950005846,20
one_hop,0.03,0.01,0.0,0.055,0.5,0.0,1.0,0.2662050664238397,0.0033131581016653,0.22608304720033626,20
one_hop,0.03,0.01,0.0,0.055,0.5,0.25,1.0,0.38773563526080534,0.00380814425067265,0.22727834760007676,20
one_hop,0.03,0.01,0.0,0.055,1.0,0.0,1.0,0.5221972877203553,0.0037760083421867997,0.226251027499984,20
one_hop,0.03,0.01,0.0,0.055,1.0,0.25,1.0,0.3889581245586464,0.004203357800383551,0.22652738084980228,20
one_hop,0.03,0.01,0.25,0.055,0.0,0.0,0.05,124.23383992546658,0.7976855254809655,0.24659368614984484,20
one_hop,0.03,0.01,0.25,0.055,0.0,0.25,0.25,74.0444114464049,0.7088409399053843,0.2291617430500082,20
one_hop,0.03,0.01,0.25,0.055,0.5,0.0,0.05,99.83729135254526,0.588218357244007,0.24571394119993778,20
one_hop,0.03,0.01,0.25,0.055,0.5,0.25,0.0,94.68152275726686,0.8599551922003883,0.22628788195015653,20
one_hop,0.03,0.01,0.25,0.055,1.0,0.0,0.1,104.24280031183486,0.7178334574828064,0.24262999279972058,20
one_hop,0.03,0.01,0.25,0.055,1.0,0.25,0.15,120.17817103957876,0.6301423631553676,0.22112845389992794,20
one_hop,0.03,0.01,0.25,0.2,0.0,0.0,0.0,140.62800852964284,0.7328499701514095,0.25634206039994745,20
one_hop,0.03,0.01,0.25,0.2,0.0,0.25,0.0,153.47984853296882,0.8156428299770291,0.23539398855018584,20
one_hop,0.03,0.01,0.25,0.2,0.5,0.0,0.0,114.54866765687778,0.5472764877334613,0.25318572959995433,20
one_hop,0.03,0.01,0.25,0.2,0.5,0.25,0.0,142.98529466888073,0.5840153625030833,0.23292708854987718,20
one_hop,0.03,0.01,0.25,0.2,1.0,0.0,0.0,125.3078608456729,0.6364273312473627,0.2515333585501139,20
one_hop,0.03,0.01,0.25,0.2,1.0,0.25,0.0,127.97544984141645,0.5881162291922615,0.22842575729973755,20
one_hop,0.03,0.01,0.25,0.8,0.0,0.0,0.0,137.9939773980533,0.7369687735369659,0.25705411660001115,20
one_hop,0.03,0.01,0.25,0.8,0.0,0.25,0.0,123.02409732518501,0.7358393915324682,0.23730675790002348,20
one_hop,0.03,0.01,0.25,0.8,0.5,0.0,0.0,139.30096876566057,0.7301979153862812,0.25371832230002833,20
one_hop,0.03,0.01,0.25,0.8,0.5,0.25,0.0,101.30178110403844,0.5724862580619938,0.2321675303501251,20
one_hop,0.03,0.01,0.25,0.8,1.0,0.0,0.0,123.40335003529634,0.685735815545277,0.25253718839985595,20
one_hop,0.03,0.01,0.25,0.8,1.0,0.25,0.0,132.84442795976912,0.6023594409790047,0.22950841185001986,20
one_hop,0.03,0.01,0.5,0.055,0.0,0.0,0.05,143.20362468968858,0.9831396873909638,0.23574880939995632,20
one_hop,0.03,0.01,0.5,0.055,0.0,0.25,0.0,124.5594205472554,0.7628841228837445,0.21750248455009563,20
one_hop,0.03,0.01,0.5,0.055,0.5,0.0,0.05,109.00727370327505,0.9939264940687498,0.23534380965020313,20
one_hop,0.03,0.01,0.5,0.055,0.5,0.25,0.1,123.56262061008738,0.9564804428357188,0.21716172925016503,20
one_hop,0.03,0.01,0.5,0.055,1.0,0.0,0.05,113.3617175647494,0.8407756817190872,0.23572848050025635,20
one_hop,0.03,0.01,0.5,0.055,1.0,0.25,0.05,106.08642295080564,0.9435813648102311,0.21880835850006403,20
one_hop,0.03,0.01,0.5,0.2,0.0,0.0,0.0,123.70520167206236,0.5754608348613499,0.25221578829996355,20
one_hop,0.03,0.01,0.5,0.2,0.0,0.25,0.0,110.53245452122613,0.6691637541530568,0.23515050509977295,20
one_hop,0.03,0.01,0.5,0.2,0.5,0.0,0.0,116.7946837945887,0.6579606987626376,0.2542371604502477,20
one_hop,0.03,0.01,0.5,0.2,0.5,0.25,0.0,140.72278920283225,0.5788588894971776,0.23270122174963032,20
one_hop,0.03,0.01,0.5,0.2,1.0,0.0,0.0,121.69457182584893,0.68962198511968,0.2509950231999028,20
one_hop,0.03,0.01,0.5,0.2,1.0,0.25,0.0,126.49979207299222,0.41782051152326993,0.23296334290025694,20
one_hop,0.03,0.01,0.5,0.8,0.0,0.0,0.0,115.05389110343398,0.6598402690999277,0.2634593787501217,20
one_hop,0.03,0.01,0.5,0.8,0.0,0.25,0.0,125.48749739629268,0.6998433917512414,0.24514796154971913,20
one_hop,0.03,0.01,0.5,0.8,0.5,0.0,0.0,130.02800569362736,0.6361405662728374,0.264204509549927,20
one_hop,0.03,0.01,0.5,0.8,0.5,0.25,0.0,119.26231434170613,0.6969964935106034,0.24493754869990875,20
one_hop,0.03,0.01,0.5,0.8,1.0,0.0,0.0,139.6786132231406,0.6251321703786725,0.2633138105497892,20
one_hop,0.03,0.01,0.5,0.8,1.0,0.25,0.0,141.30726389605383,0.6242049236455494,0.24394850369981208,20
one_hop,0.03,0.01,0.75,0.055,0.0,0.0,0.15,113.28696321281083,1.0920353937819989,0.23238795424995257,20
one_hop,0.03,0.01,0.75,0.055,0.0,0.25,0.25,113.10012865495611,0.5626483986138253,0.23255178484978384,20
one_hop,0.03,0.01,0.75,0.055,0.5,0.0,0.0,117.19153742288066,0.9168129981784146,0.23583549719996877,20
one_hop,0.03,0.01,0.75,0.055,0.5,0.25,0.5,13.27630886926104,0.09105394219976705,0.23256545389986055,20
one_hop,0.03,0.01,0.75,0.055,1.0,0.0,0.25,119.14109588466849,0.8168799661523198,0.23519143170005913,20
one_hop,0.03,0.01,0.75,0.055,1.0,0.25,0.45,11.63622113256229,0.2557574342281987,0.230522212949927,20
one_hop,0.03,0.01,0.75,0.2,0.0,0.0,0.0,121.40437930262235,0.77018571116133,0.2498758293002538,20
one_hop,0.03,0.01,0.75,0.2,0.0,0.25,0.0,115.66913242810156,0.7327469548907444,0.23992736460004377,20
one_hop,0.03,0.01,0.75,0.2,0.5,0.0,0.0,127.04951896285726,0.7191806207521904,0.25130332344988343,20
one_hop,0.03,0.01,0.75,0.2,0.5,0.25,0.0,129.35613217241593,0.6961927578758728,0.24322715154985414,20
one_hop,0.03,0.01,0.75,0.2,1.0,0.0,0.0,113.20176500629803,0.6949621299833675,0.25197794829982734,20
one_hop,0.03,0.01,0.75,0.2,1.0,0.25,0.0,116.39261900284927,0.6395814956693651,0.24389932220010446,20
one_hop,0.03,0.01,0.75,0.8,0.0,0.0,0.0,117.55871469963492,0.7121379902964284,0.2670061805499245,20
one_hop,0.03,0.01,0.75,0.8,0.0,0.25,0.0,133.43023744247955,0.6887832004126356,0.2549767928499932,20
one_hop,0.03,0.01,0.75,0.8,0.5,0.0,0.0,157.20428561553774,0.6854177699828985,0.2660673127501468,20
one_hop,0.03,0.01,0.75,0.8,0.5,0.25,0.0,122.05943567702853,0.6824177495368866,0.25498246929992086,20
one_hop,0.03,0.01,0.75,0.8,1.0,0.0,0.0,126.72595040407002,0.5950786748111225,0.26441114235030905,20
one_hop,0.03,0.01,0.75,0.8,1.0,0.25,0.0,119.49699613053434,0.6344893395699538,0.2565680800000336,20
one_hop,0.05,0.01,0.0,0.055,0.0,0.0,1.0,0.26893754351155996,0.00279447104103915,0.23349190169992648,20
one_hop,0.05,0.01,0.0,0.055,0.0,0.25,1.0,0.2994529316474567,0.00339903970344635,0.23278549094993645,20
one_hop,0.05,0.01,0.0,0.055,0.5,0.0,1.0,0.2352208135623908,0.0030096838281534,0.22885214189991526,20
one_hop,0.05,0.01,0.0,0.055,0.5,0.25,1.0,0.29732598241278646,0.002632772831911,0.2303338805498242,20
one_hop,0.05,0.01,0.0,0.055,1.0,0.0,1.0,0.17552907950313168,0.00306008304337145,0.2281058712002959,20
one_hop,0.05,0.01,0.0,0.055,1.0,0.25,1.0,0.30768673166048205,0.0032231567421253,0.22652474599990452,20
one_hop,0.05,0.01,0.25,0.055,0.0,0.0,0.95,0.2831742390442238,0.0030844286187566,0.2490190864494252,20
one_hop,0.05,0.01,0.25,0.055,0.0,0.25,0.85,0.24392906749955004,0.00263798843303005,0.2323169828498976,20
one_hop,0.05,0.01,0.25,0.055,0.5,0.0,0.95,0.29680433640411374,0.0029161745933017,0.24500150470021248,20
one_hop,0.05,0.01,0.25,0.055,0.5,0.25,0.95,0.2724155998040708,0.00324812079168035,0.22608325645014699,20
one_hop,0.05,0.01,0.25,0.055,1.0,0.0,0.95,0.24008061462307553,0.0029157390358026,0.24176553579991372,20
one_hop,0.05,0.01,0.25,0.055,1.0,0.25,0.9,0.23702688400226085,0.0026887546139619,0.2199281171496295,20
one_hop,0.05,0.01,0.25,0.2,0.0,0.0,0.0,114.56255640971483,0.6293416624135975,0.253945031549847,20
one_hop,0.05,0.01,0.25,0.2,0.0,0.25,0.0,114.36615337073134,0.7839469741230426,0.23760827670002976,20
one_hop,0.05,0.01,0.25,0.2,0.5,0.0,0.0,111.34765545383117,0.6383107191201203,0.25290539285015257,20
one_hop,0.05,0.01,0.25,0.2,0.5,0.25,0.0,135.1724775192879,0.5945321956927233,0.23136305924999756,20
one_hop,0.05,0.01,0.25,0.2,1.0,0.0,0.0,112.52611508326176,0.6118020750058673,0.2492428218500208,20
one_hop,0.05,0.01,0.25,0.2,1.0,0.25,0.0,130.52230806780057,0.5488762702041358,0.2274368912499994,20
one_hop,0.05,0.01,0.25,0.8,0.0,0.0,0.0,110.18021267678293,0.7146663573737496,0.25944732984980867,20
one_hop,0.05,0.01,0.25,0.8,0.0,0.25,0.0,107.97838051725864,0.5873639024475865,0.24080915604972683,20
one_hop,0.05,0.01,0.25,0.8,0.5,0.0,0.0,127.27182899365327,0.7062601801560445,0.25424300084987406,20
one_hop,0.05,0.01,0.25,0.8,0.5,0.25,0.0,119.8278565880279,0.6812742965065401,0.23309372025005354,20
one_hop,0.05,0.01,0.25,0.8,1.0,0.0,0.0,99.41494460867696,0.7191395780400961,0.25138718859980147,20
one_hop,0.05,0.01,0.25,0.8,1.0,0.25,0.0,101.02448717236143,0.6538167573169815,0.22870431724995793,20
one_hop,0.05,0.01,0.5,0.055,0.0,0.0,0.75,0.30348178712825535,0.0038127717954741,0.2375680784498399,20
one_hop,0.05,0.01,0.5,0.055,0.0,0.25,0.75,0.28569444386648024,0.0038291894813683,0.22247693800018165,20
one_hop,0.05,0.01,0.5,0.055,0.5,0.0,0.45,78.73002385438798,0.44330627333823147,0.23451032185012077,20
one_hop,0.05,0.01,0.5,0.055,0.5,0.25,0.75,0.3991586388636844,0.00291345039840745,0.22037731390018958,20
one_hop,0.05,0.01,0.5,0.055,1.0,0.0,0.8,0.3833687044032643,0.0030566092739055997,0.23464142194989104,20
one_hop,0.05,0.01,0.5,0.055,1.0,0.25,0.95,0.3511139773022967,0.002848848869692,0.21679051644987335,20
one_hop,0.05,0.01,0.5,0.2,0.0,0.0,0.0,115.7888235580814,0.738179713599914,0.2536175975999867,20
one_hop,0.05,0.01,0.5,0.2,0.0,0.25,0.0,117.18459904343007,0.7249623338935864,0.23575283805002978,20
one_hop,0.05,0.01,0.5,0.2,0.5,0.0,0.0,125.99648534847688,0.6455023978356845,0.25080580414978615,20
one_hop,0.05,0.01,0.5,0.2,0.5,0.25,0.0,120.89002590113768,0.713228389249615,0.23443719984979902,20
one_hop,0.05,0.01,0.5,0.2,1.0,0.0,0.0,105.41005723051379,0.7767877032542372,0.24972187620005565,20
one_hop,0.05,0.01,0.5,0.2,1.0,0.25,0.0,122.80213581243689,0.7105987501719417,0.23415781689964202,20
one_hop,0.05,0.01,0.5,0.8,0.0,0.0,0.0,117.6943472904713,0.6783193489244708,0.2640079243501532,20
one_hop,0.05,0.01,0.5,0.8,0.0,0.25,0.0,127.90870277571594,0.642979130300277,0.2470134078002047,20
one_hop,0.05,0.01,0.5,0.8,0.5,0.0,0.0,132.08914845285264,0.5131054452177948,0.26018848100020475,20
one_hop,0.05,0.01,0.5,0.8,0.5,0.25,0.0,85.22593137829466,0.6612240398095334,0.24564469595043187,20
one_hop,0.05,0.01,0.5,0.8,1.0,0.0,0.0,95.48014453405153,0.6182669463692729,0.25936001294976446,20
one_hop,0.05,0.01,0.5,0.8,1.0,0.25,0.0,79.42288990110926,0.4861637914734842,0.2420319250500142,20
one_hop,0.05,0.01,0.75,0.055,0.0,0.0,0.6,0.3796564685794328,0.0065282367452073,0.23486176940023137,20
one_hop,0.05,0.01,0.75,0.055,0.0,0.25,0.75,0.32868914310039266,0.00326924830298465,0.230550705600217,20
one_hop,0.05,0.01,0.75,0.055,0.5,0.0,0.65,0.3437189294913968,0.00361851743544,0.22897491209978393,20
one_hop,0.05,0.01,0.75,0.055,0.5,0.25,0.8,0.33569182180504775,0.004487943669461101,0.2309254223500829,20
one_hop,0.05,0.01,0.75,0.055,1.0,0.0,0.8,0.2624794789033732,0.00362431564683245,0.22852727305007642,20
one_hop,0.05,0.01,0.75,0.055,1.0,0.25,0.9,0.3332535965347607,0.0032868532147715002,0.22776513589969904,20
one_hop,0.05,0.01,0.75,0.2,0.0,0.0,0.0,128.03710711580024,0.7129692933927512,0.2522225439500289,20
one_hop,0.05,0.01,0.75,0.2,0.0,0.25,0.0,139.48713523669218,0.7011488395359271,0.2451445602499916,20
one_hop,0.05,0.01,0.75,0.2,0.5,0.0,0.0,98.61552193753977,0.7870440435232575,0.24949194350001558,20
one_hop,0.05,0.01,0.75,0.2,0.5,0.25,0.0,100.3742301251834,0.7124181226136951,0.24632026895014855,20
one_hop,0.05,0.01,0.75,0.2,1.0,0.0,0.0,111.38790416672124,0.7813717823249758,0.24646674080013323,20
one_hop,0.05,0.01,0.75,0.2,1.0,0.25,0.0,119.16572380750574,0.6460829605300006,0.24496704984976528,20
one_hop,0.05,0.01,0.75,0.8,0.0,0.0,0.0,86.19403693431829,0.6119464642995702,0.26579469554963,20
one_hop,0.05,0.01,0.75,0.8,0.0,0.25,0.0,122.99850689657151,0.6914152063842145,0.25622963744981464,20
one_hop,0.05,0.01,0.75,0.8,0.5,0.0,0.0,105.07209575002132,0.6146624328003063,0.26170400610035355,20
one_hop,0.05,0.01,0.75,0.8,0.5,0.25,0.0,98.58375474748584,0.5982726243599551,0.25684615365025815,20
one_hop,0.05,0.01,0.75,0.8,1.0,0.0,0.0,130.56193151585393,0.6192921440069425,0.2584243246999903,20
one_hop,0.05,0.01,0.75,0.8,1.0,0.25,0.0,94.56209682853091,0.6018953956266735,0.2551856541998859,20
one_hop,0.1,0.01,0.0,0.055,0.0,0.0,1.0,0.16108997199123853,0.00197649617468875,0.24417332650000384,20
one_hop,0.1,0.01,0.0,0.055,0.0,0.25,1.0,0.17284420908696674,0.0019418436620402,0.24352712159998186,20
one_hop,0.1,0.01,0.0,0.055,0.5,0.0,1.0,0.1902020170531454,0.0020867377085839,0.2362223057500159,20
one_hop,0.1,0.01,0.0,0.055,0.5,0.25,1.0,0.1765091305703544,0.0018307397142046,0.23592953104971454,20
one_hop,0.1,0.01,0.0,0.055,1.0,0.0,1.0,0.2170445498231976,0.00189543179387255,0.2313149956501547,20
one_hop,0.1,0.01,0.0,0.055,1.0,0.25,1.0,0.26752429633532904,0.0021739481060947,0.23047299244999517,20
one_hop,0.1,0.01,0.25,0.055,0.0,0.0,1.0,0.1472132207883185,0.0023244625390048,0.25406443899983056,20
one_hop,0.1,0.01,0.25,0.055,0.0,0.25,1.0,0.22866130574276938,0.0022132003984883,0.23771149210015205,20
one_hop,0.1,0.01,0.25,0.055,0.5,0.0,1.0,0.20229670263441565,0.0017121972083546499,0.24463438065013174,20
one_hop,0.1,0.01,0.25,0.055,0.5,0.25,1.0,0.19946603278114056,0.0024631212337354,0.22817593035015302,20
one_hop,0.1,0.01,0.25,0.055,1.0,0.0,1.0,0.20177879187937764,0.0019489729877666998,0.24088902564972153,20
one_hop,0.1,0.01,0.25,0.055,1.0,0.25,1.0,0.22719500228963757,0.00223914452131725,0.22032778014990978,20
one_hop,0.1,0.01,0.25,0.2,0.0,0.0,0.0,118.44210282921199,0.8011169787250864,0.2616453803498188,20
one_hop,0.1,0.01,0.25,0.2,0.0,0.25,0.0,121.51170108505616,0.6975679145288314,0.24334202675017874,20
one_hop,0.1,0.01,0.25,0.2,0.5,0.0,0.0,108.69071228823985,0.6636740355669606,0.25164959269995957,20
one_hop,0.1,0.01,0.25,0.2,0.5,0.25,0.0,118.91113333071345,0.5600357162418315,0.23078913045019359,20
one_hop,0.1,0.01,0.25,0.2,1.0,0.0,0.0,130.55623421322395,0.8032058159906531,0.2470495207000567,20
one_hop,0.1,0.01,0.25,0.2,1.0,0.25,0.0,106.2634094160918,0.6446753332029401,0.22462014059983626,20
one_hop,0.1,0.01,0.25,0.8,0.0,0.0,0.0,101.16924911630701,0.7532493397062874,0.2592734765499699,20
one_hop,0.1,0.01,0.25,0.8,0.0,0.25,0.0,119.35330514040099,0.6709756318130127,0.24396939110010857,20
one_hop,0.1,0.01,0.25,0.8,0.5,0.0,0.0,110.64840710619782,0.712573945117188,0.25285131999989974,20
one_hop,0.1,0.01,0.25,0.8,0.5,0.25,0.0,103.45924811923919,0.4986664225114601,0.23302669420017988,20
one_hop,0.1,0.01,0.25,0.8,1.0,0.0,0.0,120.43771116195254,0.6769033878646429,0.24854322850023886,20
one_hop,0.1,0.01,0.25,0.8,1.0,0.25,0.0,100.35656810136706,0.7277075046016236,0.22641187560011528,20
one_hop,0.1,0.01,0.5,0.055,0.0,0.0,1.0,0.16663159991146892,0.00219811720259345,0.24517537990004706,20
one_hop,0.1,0.01,0.5,0.055,0.0,0.25,1.0,0.2313171397393175,0.00230505534133605,0.23314861100006962,20
one_hop,0.1,0.01,0.5,0.055,0.5,0.0,1.0,0.18593453921592604,0.00204604282169555,0.23628038054994244,20
one_hop,0.1,0.01,0.5,0.055,0.5,0.25,1.0,0.1757929035511319,0.00206462128570265,0.22783590880017068,20
one_hop,0.1,0.01,0.5,0.055,1.0,0.0,1.0,0.22103183709808222,0.0024156590283419,0.23369102804972494,20
one_hop,0.1,0.01,0.5,0.055,1.0,0.25,1.0,0.16013765040362704,0.0022997195575963497,0.22233220075004279,20
one_hop,0.1,0.01,0.5,0.2,0.0,0.0,0.0,121.87690543862252,0.6392963556067415,0.2563697360999867,20
one_hop,0.1,0.01,0.5,0.2,0.0,0.25,0.0,126.6984545446252,0.72772352780663,0.24394413369991522,20
one_hop,0.1,0.01,0.5,0.2,0.5,0.0,0.0,110.85717654121424,0.6453498346720734,0.24902345804994183,20
one_hop,0.1,0.01,0.5,0.2,0.5,0.25,0.0,127.22095238556008,0.6036616009263325,0.23955394670019808,20
one_hop,0.1,0.01,0.5,0.2,1.0,0.0,0.0,117.81452997408888,0.6913525950399843,0.24583295894990437,20
one_hop,0.1,0.01,0.5,0.2,1.0,0.25,0.0,121.22711321520809,0.7550280369508182,0.2340050555498237,20
one_hop,0.1,0.01,0.5,0.8,0.0,0.0,0.0,104.13478979320078,0.6244625696082033,0.2628559933998076,20
one_hop,0.1,0.01,0.5,0.8,0.0,0.25,0.0,117.60340531111598,0.6714816904541221,0.24982407704974316,20
one_hop,0.1,0.01,0.5,0.8,0.5,0.0,0.0,119.68335881924286,0.5464816318736556,0.2575255115499203,20
one_hop,0.1,0.01,0.5,0.8,0.5,0.25,0.0,138.39631046900843,0.6075694936557665,0.2473104036498625,20
one_hop,0.1,0.01,0.5,0.8,1.0,0.0,0.0,130.73860376197135,0.7029706599970476,0.2535334733001037,20
one_hop,0.1,0.01,0.5,0.8,1.0,0.25,0.0,112.63457586190222,0.6943174058584836,0.2436511054002039,20
one_hop,0.1,0.01,0.75,0.055,0.0,0.0,1.0,0.19560865133448055,0.00229259256463995,0.23999400985012467,20
one_hop,0.1,0.01,0.75,0.055,0.0,0.25,1.0,0.1809018811409466,0.0021407830751231,0.24030253259952583,20
one_hop,0.1,0.01,0.75,0.055,0.5,0.0,1.0,0.15061450491650613,0.0021371291747998497,0.23287406124964033,20
one_hop,0.1,0.01,0.75,0.055,0.5,0.25,1.0,0.17270030988110005,0.0017875711558685,0.2354730227499203,20
one_hop,0.1,0.01,0.75,0.055,1.0,0.0,0.9,0.2903106221093358,0.002335449988422,0.2275367807498696,20
one_hop,0.1,0.01,0.75,0.055,1.0,0.25,1.0,0.14863278946854502,0.0016286543636591499,0.2310083915000177,20
one_hop,0.1,0.01,0.75,0.2,0.0,0.0,0.0,110.11599154839159,0.7050041140232468,0.2543088656497275,20
one_hop,0.1,0.01,0.75,0.2,0.0,0.25,0.0,107.1387727453363,0.8008983899992901,0.24879985270008542,20
one_hop,0.1,0.01,0.75,0.2,0.5,0.0,0.0,121.96723372196846,0.6180799422935781,0.2452638976497837,20
one_hop,0.1,0.01,0.75,0.2,0.5,0.25,0.0,112.6361984185601,0.704804449228857,0.24836240290005657,20
one_hop,0.1,0.01,0.75,0.2,1.0,0.0,0.0,142.96928419067086,0.602445222809439,0.24234291634975302,20
one_hop,0.1,0.01,0.75,0.2,1.0,0.25,0.0,126.98443315055759,0.7108161554680674,0.24368218860008706,20
one_hop,0.1,0.01,0.75,0.8,0.0,0.0,0.0,111.59930241286236,0.7409075225053251,0.26468531235013865,20
one_hop,0.1,0.01,0.75,0.8,0.0,0.25,0.0,91.80756822580402,0.6372400920671099,0.25823380480032937,20
one_hop,0.1,0.01,0.75,0.8,0.5,0.0,0.0,130.52398697194647,0.6181093122796428,0.2577364050503092,20
one_hop,0.1,0.01,0.75,0.8,0.5,0.25,0.0,121.71077735422321,0.5650893679637059,0.2565659545000017,20
one_hop,0.1,0.01,0.75,0.8,1.0,0.0,0.0,126.88274162196291,0.5836172838929656,0.250657795099778,20
one_hop,0.1,0.01,0.75,0.8,1.0,0.25,0.0,144.02785002441607,0.6949723329348643,0.2528058883499397,20
sagereg,0.03,0.01,0.0,0.055,0.0,0.0,1.0,0.37656042491478575,0.00342970626783015,0.25799222795021703,20
sagereg,0.03,0.01,0.0,0.055,0.0,0.25,1.0,0.36454122167453895,0.003172537724589,0.2548057832000268,20
sagereg,0.03,0.01,0.0,0.055,0.5,0.0,1.0,0.266204942483497,0.0033127803060280497,0.2516891895497792,20
sagereg,0.03,0.01,0.0,0.055,0.5,0.25,1.0,0.38773561473179474,0.003808410375743,0.2525773745498554,20
sagereg,0.03,0.01,0.0,0.055,1.0,0.0,1.0,0.5221957483859839,0.00377608696633415,0.2513332452499526,20
sagereg,0.03,0.01,0.0,0.055,1.0,0.25,1.0,0.38896210749955573,0.0042033945485376,0.25198208369993147,20
sagereg,0.03,0.01,0.25,0.055,0.0,0.0,0.1,105.73386562971665,0.7993116360413729,0.27312204560021197,20
sagereg,0.03,0.01,0.25,0.055,0.0,0.25,0.25,89.88722181835551,0.7034432683795231,0.2562851957000021,20
sagereg,0.03,0.01,0.25,0.055,0.5,0.0,0.05,114.17844312466224,0.7379420411942765,0.2719348562498453,20
sagereg,0.03,0.01,0.25,0.055,0.5,0.25,0.0,93.23968025493906,0.8983020243014913,0.25284208790026236,20
sagereg,0.03,0.01,0.25,0.055,1.0,0.0,0.25,97.42513539239091,0.6556803650776473,0.26893578415001684,20
sagereg,0.03,0.01,0.25,0.055,1.0,0.25,0.1,139.0365389382315,0.6301424046233157,0.2476611677999244,20
sagereg,0.03,0.01,0.25,0.2,0.0,0.0,0.0,140.62798915236434,0.7328500655347747,0.28514825300035224,20
sagereg,0.03,0.01,0.25,0.2,0.0,0.25,0.0,153.4798508760365,0.8156430061865886,0.2644365945003301,20
sagereg,0.03,0.01,0.25,0.2,0.5,0.0,0.0,114.54867320828687,0.5472765201246881,0.28191878340003307,20
sagereg,0.03,0.01,0.25,0.2,0.5,0.25,0.0,142.98526782045587,0.5840151846566046,0.26115556840004495,20
sagereg,0.03,0.01,0.25,0.2,1.0,0.0,0.0,125.30786761277085,0.6364276496026167,0.28028345354987316,20
sagereg,0.03,0.01,0.25,0.2,1.0,0.25,0.0,127.97545439072496,0.5881162190269169,0.25764428045004023,20
sagereg,0.03,0.01,0.25,0.8,0.0,0.0,0.0,137.9939780576217,0.7369687695109078,0.2869394066999121,20
sagereg,0.03,0.01,0.25,0.8,0.0,0.25,0.0,123.02409615807632,0.7358393562507759,0.26764068779993977,20
sagereg,0.03,0.01,0.25,0.8,0.5,0.0,0.0,139.30096880502109,0.7301979459129146,0.28339638014986124,20
sagereg,0.03,0.01,0.25,0.8,0.5,0.25,0.0,101.30178131773505,0.5724861694117171,0.2631899738997162,20
sagereg,0.03,0.01,0.25,0.8,1.0,0.0,0.0,123.40335010637341,0.6857357989989368,0.28251210784992503,20
sagereg,0.03,0.01,0.25,0.8,1.0,0.25,0.0,132.8444280373452,0.6023594755660243,0.2599390496500746,20
sagereg,0.03,0.01,0.5,0.055,0.0,0.0,0.1,136.6000966473424,1.0200348634477212,0.26113520299986703,20
sagereg,0.03,0.01,0.5,0.055,0.0,0.25,0.0,125.80650551757296,0.7714576323871027,0.2430415311000615,20
sagereg,0.03,0.01,0.5,0.055,0.5,0.0,0.0,99.5681480759749,1.1146743735805344,0.2600813084998662,20
sagereg,0.03,0.01,0.5,0.055,0.5,0.25,0.2,107.88869984459446,0.8132704952939709,0.2425799945999642,20
sagereg,0.03,0.01,0.5,0.055,1.0,0.0,0.15,83.05945089288005,0.70241887250246,0.26040210399996794,20
sagereg,0.03,0.01,0.5,0.055,1.0,0.25,0.1,116.9959730088557,0.8817659729002374,0.24432844404991552,20
sagereg,0.03,0.01,0.5,0.2,0.0,0.0,0.0,123.70520060601768,0.5754607242446319,0.27920589894984005,20
sagereg,0.03,0.01,0.5,0.2,0.0,0.25,0.0,110.5324563078475,0.6691637757212332,0.264156818650099,20
sagereg,0.03,0.01,0.5,0.2,0.5,0.0,0.0,116.79468290638718,0.6579607153695024,0.2822180545501396,20
sagereg,0.03,0.01,0.5,0.2,0.5,0.25,0.0,140.72280997662983,0.5788589955959624,0.26197981450013685,20
sagereg,0.03,0.01,0.5,0.2,1.0,0.0,0.0,121.69455817647952,0.6896216350712473,0.27774222464995546,20
sagereg,0.03,0.01,0.5,0.2,1.0,0.25,0.0,126.49979335215897,0.41782055178531796,0.2617299294500298,20
sagereg,0.03,0.01,0.5,0.8,0.0,0.0,0.0,115.05389060770489,0.6598402756441161,0.2929495247499289,20
sagereg,0.03,0.01,0.5,0.8,0.0,0.25,0.0,125.4874965772449,0.6998433799300515,0.2765959126999405,20
sagereg,0.03,0.01,0.5,0.8,0.5,0.0,0.0,130.02800370487063,0.6361406206647647,0.29380910720001335,20
sagereg,0.03,0.01,0.5,0.8,0.5,0.25,0.0,119.26231317001039,0.696996430546462,0.27598515095023685,20
sagereg,0.03,0.01,0.5,0.8,1.0,0.0,0.0,139.67861505379693,0.6251321413307149,0.29241478115009156,20
sagereg,0.03,0.01,0.5,0.8,1.0,0.25,0.0,141.3072621106857,0.6242048862121146,0.27370613754974327,20
sagereg,0.03,0.01,0.75,0.055,0.0,0.0,0.15,109.49391094599531,1.024296210625943,0.25635163319993803,20
sagereg,0.03,0.01,0.75,0.055,0.0,0.25,0.25,116.19807228271571,0.5626449540496827,0.26021988780003086,20
sagereg,0.03,0.01,0.75,0.055,0.5,0.0,0.0,122.30572468583516,0.9172668458072114,0.25942837605007296,20
sagereg,0.03,0.01,0.75,0.055,0.5,0.25,0.5,13.279716868707206,0.09105363427332469,0.2600502647998837,20
sagereg,0.03,0.01,0.75,0.055,1.0,0.0,0.25,103.72279848571995,0.8528373412957906,0.2589562981498602,20
sagereg,0.03,0.01,0.75,0.055,1.0,0.25,0.55,0.6377737112552484,0.006132567222389499,0.25767317079962593,20
sagereg,0.03,0.01,0.75,0.2,0.0,0.0,0.0,121.40438073957532,0.7701854154692898,0.27745359954978993,20
sagereg,0.03,0.01,0.75,0.2,0.0,0.25,0.0,115.6691347020284,0.7327470601270909,0.26859340669989246,20
sagereg,0.03,0.01,0.75,0.2,0.5,0.0,0.0,127.04951830754807,0.7191805445792578,0.2790857453997887,20
sagereg,0.03,0.01,0.75,0.2,0.5,0.25,0.0,129.3561306792444,0.6961928818105682,0.27276647480011884,20
sagereg,0.03,0.01,0.75,0.2,1.0,0.0,0.0,113.2017748608541,0.6949623451877402,0.27926849640025464,20
sagereg,0.03,0.01,0.75,0.2,1.0,0.25,0.0,116.39262471222642,0.6395814036983936,0.2725882183002795,20
sagereg,0.03,0.01,0.75,0.8,0.0,0.0,0.0,117.55871539752593,0.7121379560198614,0.296772602800047,20
sagereg,0.03,0.01,0.75,0.8,0.0,0.25,0.0,133.4302352833623,0.6887831646688205,0.28534856519991075,20
sagereg,0.03,0.01,0.75,0.8,0.5,0.0,0.0,157.20428376474263,0.6854177582884549,0.2957270343498749,20
sagereg,0.03,0.01,0.75,0.8,0.5,0.25,0.0,122.0594363075447,0.6824177546263122,0.28518183990017854,20
sagereg,0.03,0.01,0.75,0.8,1.0,0.0,0.0,126.72594778155292,0.5950786686309757,0.2933515741498013,20
sagereg,0.03,0.01,0.75,0.8,1.0,0.25,0.0,119.49699994603658,0.6344893212569742,0.28721678120000427,20
sagereg,0.05,0.01,0.0,0.055,0.0,0.0,1.0,0.26893771018587,0.00279447541921195,0.25895926905013766,20
sagereg,0.05,0.01,0.0,0.055,0.0,0.25,1.0,0.2994527336729125,0.0033990387046828503,0.2590176557001541,20
sagereg,0.05,0.01,0.0,0.055,0.5,0.0,1.0,0.22969378116469746,0.00300967809871225,0.2552044316998035,20
sagereg,0.05,0.01,0.0,0.055,0.5,0.25,1.0,0.2973242860210531,0.00263277317220925,0.2568508072999975,20
sagereg,0.05,0.01,0.0,0.055,1.0,0.0,1.0,0.1755288060877955,0.0030600827751356002,0.25391506339983605,20
sagereg,0.05,0.01,0.0,0.055,1.0,0.25,1.0,0.30768677126457195,0.00322315694860405,0.2528167808000034,20
sagereg,0.05,0.01,0.25,0.055,0.0,0.0,1.0,0.2831742477484272,0.00308442949251825,0.2752910451000389,20
sagereg,0.05,0.01,0.25,0.055,0.0,0.25,0.95,0.23322145406279726,0.0026379899090793503,0.2595650244000353,20
sagereg,0.05,0.01,0.25,0.055,0.5,0.0,0.95,0.29680435127239124,0.0029635313495908,0.2712158649002049,20
sagereg,0.05,0.01,0.25,0.055,0.5,0.25,0.95,0.2724155711303446,0.0032481202473966997,0.25280706835001177,20
sagereg,0.05,0.01,0.25,0.055,1.0,0.0,0.95,0.24008053845687385,0.00291573780387265,0.2676398493999841,20
sagereg,0.05,0.01,0.25,0.055,1.0,0.25,0.95,0.23702692984096985,0.00268875467725655,0.24641064409979657,20
sagereg,0.05,0.01,0.25,0.2,0.0,0.0,0.0,114.56256377147056,0.6293416717218983,0.28175730085013123,20
sagereg,0.05,0.01,0.25,0.2,0.0,0.25,0.0,114.36529401495534,0.7839470420907615,0.2662891259999924,20
sagereg,0.05,0.01,0.25,0.2,0.5,0.0,0.0,111.34765271951468,0.6383107049680595,0.28090763175023314,20
sagereg,0.05,0.01,0.25,0.2,0.5,0.25,0.0,135.17247813804173,0.5945319404358947,0.26002272764981166,20
sagereg,0.05,0.01,0.25,0.2,1.0,0.0,0.0,112.52611670017785,0.6118017076246577,0.27721298960041163,20
sagereg,0.05,0.01,0.25,0.2,1.0,0.25,0.0,130.52231590419566,0.5488757743685488,0.2560098055999333,20
sagereg,0.05,0.01,0.25,0.8,0.0,0.0,0.0,110.1802146222787,0.7146665035020536,0.2895329984999989,20
sagereg,0.05,0.01,0.25,0.8,0.0,0.25,0.0,107.97837874597084,0.5873639298135489,0.2706269222000628,20
sagereg,0.05,0.01,0.25,0.8,0.5,0.0,0.0,127.27182913081269,0.7062601974062126,0.2838726530999338,20
sagereg,0.05,0.01,0.25,0.8,0.5,0.25,0.0,119.82785477385968,0.6812743155538904,0.263016722949942,20
sagereg,0.05,0.01,0.25,0.8,1.0,0.0,0.0,99.41494510892896,0.719139787230592,0.28065344999977243,20
sagereg,0.05,0.01,0.25,0.8,1.0,0.25,0.0,101.02448774021755,0.6538167277200733,0.25881415294970794,20
sagereg,0.05,0.01,0.5,0.055,0.0,0.0,0.9,0.2695618596871026,0.0035156637022532,0.26244673215023795,20
sagereg,0.05,0.01,0.5,0.055,0.0,0.25,0.8,0.3184445189533359,0.00392334599779995,0.24812299890018036,20
sagereg,0.05,0.01,0.5,0.055,0.5,0.0,0.55,0.5435185242540643,0.006214281487456251,0.2595169200999407,20
sagereg,0.05,0.01,0.5,0.055,0.5,0.25,0.8,0.3832843833269073,0.0029134511554639,0.24599885629986598,20
sagereg,0.05,0.01,0.5,0.055,1.0,0.0,0.9,0.361437916669472,0.00277461942695735,0.2598153866500979,20
sagereg,0.05,0.01,0.5,0.055,1.0,0.25,0.95,0.32818673431521783,0.0029589279259161503,0.24253853030040767,20
sagereg,0.05,0.01,0.5,0.2,0.0,0.0,0.0,115.78882796216119,0.7381797384936806,0.2811487143498198,20
sagereg,0.05,0.01,0.5,0.2,0.0,0.25,0.0,117.18459556522323,0.724962175079751,0.26507383890020714,20
sagereg,0.05,0.01,0.5,0.2,0.5,0.0,0.0,125.99651866623498,0.6455025326769552,0.278455782650235,20
sagereg,0.05,0.01,0.5,0.2,0.5,0.25,0.0,120.89006686683521,0.713228537178626,0.26332505009986557,20
sagereg,0.05,0.01,0.5,0.2,1.0,0.0,0.0,105.41002249734035,0.7767882747537354,0.27605774994999593,20
sagereg,0.05,0.01,0.5,0.2,1.0,0.25,0.0,122.80213730408164,0.7105992035226745,0.2630313160000696,20
sagereg,0.05,0.01,0.5,0.8,0.0,0.0,0.0,117.6943474595006,0.67831953752028,0.29363890984996033,20
sagereg,0.05,0.01,0.5,0.8,0.0,0.25,0.0,127.90870313883187,0.6429791588025426,0.27792482100012417,20
sagereg,0.05,0.01,0.5,0.8,0.5,0.0,0.0,132.08914894140568,0.5131054266222876,0.28939777985006,20
sagereg,0.05,0.01,0.5,0.8,0.5,0.25,0.0,85.22593267275751,0.6612240371865516,0.27661971304996763,20
sagereg,0.05,0.01,0.5,0.8,1.0,0.0,0.0,95.48014788106214,0.6182669328850385,0.28762777894980895,20
sagereg,0.05,0.01,0.5,0.8,1.0,0.25,0.0,79.42288943609266,0.48616377337299316,0.2729703432498354,20
sagereg,0.05,0.01,0.75,0.055,0.0,0.0,0.65,0.38782223810885763,0.0056103009875043495,0.25851859394988425,20
sagereg,0.05,0.01,0.75,0.055,0.0,0.25,0.75,0.32868915561596906,0.00326924826554355,0.257193726999958,20
sagereg,0.05,0.01,0.75,0.055,0.5,0.0,0.6,0.35972255294813843,0.0041124405914126,0.25296950550009567,20
sagereg,0.05,0.01,0.75,0.055,0.5,0.25,0.9,0.33569180603586224,0.0039144902871242,0.2571400153001377,20
sagereg,0.05,0.01,0.75,0.055,1.0,0.0,0.75,0.2624795396482705,0.00386565387733065,0.2523785796998709,20
sagereg,0.05,0.01,0.75,0.055,1.0,0.25,0.9,0.33325233315614217,0.0032868530288156497,0.2543609386499156,20
sagereg,0.05,0.01,0.75,0.2,0.0,0.0,0.0,128.03710827016658,0.7129692169239386,0.28013871555003783,20
sagereg,0.05,0.01,0.75,0.2,0.0,0.25,0.0,139.48713545014317,0.7011488833046235,0.27485983025017047,20
sagereg,0.05,0.01,0.75,0.2,0.5,0.0,0.0,98.61553512009408,0.7870439889345416,0.27654630865017676,20
sagereg,0.05,0.01,0.75,0.2,0.5,0.25,0.0,100.3742338051143,0.7124180527821736,0.27490396149987645,20
sagereg,0.05,0.01,0.75,0.2,1.0,0.0,0.0,111.38788532246913,0.7813717844721328,0.27353951715003855,20
sagereg,0.05,0.01,0.75,0.2,1.0,0.25,0.0,119.16573050850803,0.6460830526986652,0.2737649121499999,20
sagereg,0.05,0.01,0.75,0.8,0.0,0.0,0.0,86.19403720370198,0.6119464721905296,0.2956547730499551,20
sagereg,0.05,0.01,0.75,0.8,0.0,0.25,0.0,122.9985092491556,0.6914151692517116,0.28688765930028237,20
sagereg,0.05,0.01,0.75,0.8,0.5,0.0,0.0,105.07209649160285,0.6146623921087588,0.2912299000501662,20
sagereg,0.05,0.01,0.75,0.8,0.5,0.25,0.0,98.5837555671929,0.5982725978868872,0.2872671516000082,20
sagereg,0.05,0.01,0.75,0.8,1.0,0.0,0.0,130.56193377265174,0.6192921791783623,0.28741533579986933,20
sagereg,0.05,0.01,0.75,0.8,1.0,0.25,0.0,94.56209615092337,0.6018953499513273,0.2855488268500267,20
sagereg,0.1,0.01,0.0,0.055,0.0,0.0,1.0,0.16108995093507034,0.00197649637559715,0.27278422035014954,20
sagereg,0.1,0.01,0.0,0.055,0.0,0.25,1.0,0.17284410276003906,0.00194184373964695,0.271529571100018,20
sagereg,0.1,0.01,0.0,0.055,0.5,0.0,1.0,0.1902019518907446,0.0020867372003800996,0.2638139799501005,20
sagereg,0.1,0.01,0.0,0.055,0.5,0.25,1.0,0.1765091566273506,0.00183073962413245,0.26435051529988407,20
sagereg,0.1,0.01,0.0,0.055,1.0,0.0,1.0,0.21704451773841538,0.00189543122942505,0.25977060849991174,20
sagereg,0.1,0.01,0.0,0.055,1.0,0.25,1.0,0.26752435891236376,0.00217394729766485,0.2584668665499521,20
sagereg,0.1,0.01,0.25,0.055,0.0,0.0,1.0,0.1472132224566049,0.0023244607280747,0.2810794450499997,20
sagereg,0.1,0.01,0.25,0.055,0.0,0.25,1.0,0.2286613443173059,0.00221320008281755,0.2649906466000175,20
sagereg,0.1,0.01,0.25,0.055,0.5,0.0,1.0,0.20229677615795744,0.0017121983384789001,0.27202359594994047,20
sagereg,0.1,0.01,0.25,0.055,0.5,0.25,1.0,0.19946600057086267,0.00246312157063715,0.2556478064000657,20
sagereg,0.1,0.01,0.25,0.055,1.0,0.0,1.0,0.20177884252354472,0.0019489728197106498,0.26801903660016246,20
sagereg,0.1,0.01,0.25,0.055,1.0,0.25,1.0,0.22719501249108676,0.00223914439695675,0.24781064980033984,20
sagereg,0.1,0.01,0.25,0.2,0.0,0.0,0.0,118.442107552622,0.8011170044610834,0.2899993712000651,20
sagereg,0.1,0.01,0.25,0.2,0.0,0.25,0.0,121.51167430869722,0.6975682301434509,0.27193143429976774,20
sagereg,0.1,0.01,0.25,0.2,0.5,0.0,0.0,108.69073709678622,0.6636740037104998,0.2796100305998152,20
sagereg,0.1,0.01,0.25,0.2,0.5,0.25,0.0,118.91113327732639,0.5600357413849898,0.25889962239989467,20
sagereg,0.1,0.01,0.25,0.2,1.0,0.0,0.0,130.55630087434673,0.8032058620191205,0.2750921863502299,20
sagereg,0.1,0.01,0.25,0.2,1.0,0.25,0.0,106.2634108982088,0.644675085954569,0.25349630939981577,20
sagereg,0.1,0.01,0.25,0.8,0.0,0.0,0.0,101.16923570770288,0.7532484550095113,0.2883609903998149,20
sagereg,0.1,0.01,0.25,0.8,0.0,0.25,0.0,119.3533037934026,0.6709756468455066,0.27340301250014815,20
sagereg,0.1,0.01,0.25,0.8,0.5,0.0,0.0,110.6484078416392,0.7125739753567903,0.28249521519983317,20
sagereg,0.1,0.01,0.25,0.8,0.5,0.25,0.0,103.45924912044883,0.4986664143644911,0.26286199249989295,20
sagereg,0.1,0.01,0.25,0.8,1.0,0.0,0.0,120.43771916716453,0.6769035284143649,0.2774514812002053,20
sagereg,0.1,0.01,0.25,0.8,1.0,0.25,0.0,100.35657442382512,0.7277074958806848,0.25622801664985667,20
sagereg,0.1,0.01,0.5,0.055,0.0,0.0,1.0,0.1657004639488298,0.0021981169411223,0.27102922064996166,20
sagereg,0.1,0.01,0.5,0.055,0.0,0.25,1.0,0.23131697845951626,0.00230505620281415,0.25930877069968117,20
sagereg,0.1,0.01,0.5,0.055,0.5,0.0,1.0,0.18593456918150664,0.0020460428640706498,0.26230857364989785,20
sagereg,0.1,0.01,0.5,0.055,0.5,0.25,1.0,0.17579298086413747,0.0020646236219396003,0.2546194195999305,20
sagereg,0.1,0.01,0.5,0.055,1.0,0.0,1.0,0.2210318013058899,0.0024156594021509502,0.25969566685007517,20
sagereg,0.1,0.01,0.5,0.055,1.0,0.25,1.0,0.16013760483232276,0.00229971893936285,0.24878582345008904,20
sagereg,0.1,0.01,0.5,0.2,0.0,0.0,0.0,121.87689970158296,0.6392962551493799,0.28413646455010166,20
sagereg,0.1,0.01,0.5,0.2,0.0,0.25,0.0,126.69841371379374,0.7277235246079292,0.27295290675010614,20
sagereg,0.1,0.01,0.5,0.2,0.5,0.0,0.0,110.85720407617868,0.6453495811709578,0.2766322354501426,20
sagereg,0.1,0.01,0.5,0.2,0.5,0.25,0.0,127.22095950691511,0.6036613791832579,0.2685318369499327,20
sagereg,0.1,0.01,0.5,0.2,1.0,0.0,0.0,117.81443661543508,0.6913514905926031,0.27279714044998393,20
sagereg,0.1,0.01,0.5,0.2,1.0,0.25,0.0,121.22711421395447,0.755027991896654,0.26225861535012884,20
sagereg,0.1,0.01,0.5,0.8,0.0,0.0,0.0,104.13478399001126,0.6244628863297139,0.29247296295015984,20
sagereg,0.1,0.01,0.5,0.8,0.0,0.25,0.0,117.60340770319164,0.6714817326972075,0.28080310800005465,20
sagereg,0.1,0.01,0.5,0.8,0.5,0.0,0.0,119.68335761343333,0.5464816172593642,0.2860540250999293,20
sagereg,0.1,0.01,0.5,0.8,0.5,0.25,0.0,138.39630707949271,0.6075695371689998,0.2776748409498396,20
sagereg,0.1,0.01,0.5,0.8,1.0,0.0,0.0,130.73860457217052,0.7029706493890241,0.2819506091502262,20
sagereg,0.1,0.01,0.5,0.8,1.0,0.25,0.0,112.63457603161605,0.6943174360214512,0.27392924724990736,20
sagereg,0.1,0.01,0.75,0.055,0.0,0.0,1.0,0.19560859626402904,0.0022925922938662998,0.2650254920999941,20
sagereg,0.1,0.01,0.75,0.055,0.0,0.25,1.0,0.18090185817057206,0.0021407831943632,0.2661802013001761,20
sagereg,0.1,0.01,0.75,0.055,0.5,0.0,1.0,0.15061435921957125,0.0021371284856145003,0.2578155299499485,20
sagereg,0.1,0.01,0.75,0.055,0.5,0.25,1.0,0.17270033552904362,0.00178757110988175,0.26162034714998295,20
sagereg,0.1,0.01,0.75,0.055,1.0,0.0,0.9,0.29031070207153653,0.0023354505357719496,0.25284766350023347,20
sagereg,0.1,0.01,0.75,0.055,1.0,0.25,1.0,0.1486327649694694,0.00162865406744905,0.25724778630010403,20
sagereg,0.1,0.01,0.75,0.2,0.0,0.0,0.0,110.11599778891724,0.7050041549297053,0.28144368715029483,20
sagereg,0.1,0.01,0.75,0.2,0.0,0.25,0.0,107.13876734475616,0.8008985359070043,0.2774487807502737,20
sagereg,0.1,0.01,0.75,0.2,0.5,0.0,0.0,121.96722819844902,0.6180799832948615,0.27243364380037743,20
sagereg,0.1,0.01,0.75,0.2,0.5,0.25,0.0,112.63618317116608,0.7048053037810148,0.2768232614998851,20
sagereg,0.1,0.01,0.75,0.2,1.0,0.0,0.0,142.96926361434927,0.6024452549177167,0.26896427449983096,20
sagereg,0.1,0.01,0.75,0.2,1.0,0.25,0.0,126.98443138383867,0.710816093869763,0.2719385914999293,20
sagereg,0.1,0.01,0.75,0.8,0.0,0.0,0.0,111.59930230588583,0.7409075171543421,0.29378127630016027,20
sagereg,0.1,0.01,0.75,0.8,0.0,0.25,0.0,91.80756736829358,0.6372400861741052,0.2885599450999507,20
sagereg,0.1,0.01,0.75,0.8,0.5,0.0,0.0,130.52398735987887,0.6181092523358065,0.2855771765500322,20
sagereg,0.1,0.01,0.75,0.8,0.5,0.25,0.0,121.71077614330234,0.5650893608237766,0.286128889250267,20
sagereg,0.1,0.01,0.75,0.8,1.0,0.0,0.0,126.88263014564846,0.5836173083746057,0.27910381679967033,20
sagereg,0.1,0.01,0.75,0.8,1.0,0.25,0.0,144.0278486938003,0.6949723142365876,0.2825870996000958,20
