pair_index,pair_file,method,num_correspondences,putative_inlier_ratio,rotation_error_deg,translation_error,success,runtime_seconds,effective_rank,regeneration_updates,regenerated_correspondences
0,pair_0.npz,sagereg_regen,2000,0.012,1.237475321294196,0.4209612352187175,True,0.9351118899999163,1.3849518577041746,6.0,43775.0
1,pair_1.npz,sagereg_regen,2000,0.012,1.237475321294196,0.4209612352187175,True,0.9264978270002756,1.3849518577041746,6.0,43775.0
2,pair_2.npz,sagereg_regen,2000,0.0005,11.709314693676513,7.149827279762441,False,0.8171486249998452,1.5304960957432063,6.0,24073.0
3,pair_3.npz,sagereg_regen,2000,0.0015,14.153082016460663,9.992971933928466,False,0.8585044090000338,1.469624769490679,6.0,25273.0
4,pair_4.npz,sagereg_regen,2000,0.015,0.051801517591982,0.0211481841748877,True,0.9531118039999456,1.8149985976627137,6.0,47354.0
5,pair_5.npz,sagereg_regen,2000,0.0355,0.0427118414699946,0.0223795433957573,True,0.9526418719997308,1.7891103587853232,5.0,43182.0
6,pair_6.npz,sagereg_regen,2000,0.046,0.0924900948486484,0.0510658040762468,True,0.951675599000282,1.3665113284484145,5.0,41904.0
7,pair_7.npz,sagereg_regen,2000,0.024,1.6498203582463744,8.28345582570731,False,0.8808739589999277,1.30301124297504,5.0,27284.0
8,pair_8.npz,sagereg_regen,2000,0.033,0.0503287205048252,0.0245468827757493,True,0.8811907429999337,1.9065333388896744,4.0,41794.0
9,pair_9.npz,sagereg_regen,2000,0.022,0.0424565474178542,0.0273398057284247,True,0.9078399090003586,1.3452257448104792,6.0,40506.0
10,pair_10.npz,sagereg_regen,2000,0.0275,0.0435328466392908,0.0194015750583494,True,0.8907769770003142,1.6371191388669926,4.0,38748.0
11,pair_11.npz,sagereg_regen,2000,0.0285,0.0444612693329886,0.010937695922279,True,0.8413423360002525,1.3865756252457186,4.0,36178.0
12,pair_12.npz,sagereg_regen,2000,0.016,0.3575516078324217,9.604950979209445,False,0.8515543690000413,1.3419679206268629,6.0,28365.0
13,pair_13.npz,sagereg_regen,2000,0.0435,0.0737335628286602,0.0197852210946053,True,0.90961465700002,1.60196088027468,5.0,38119.0
14,pair_14.npz,sagereg_regen,2000,0.024,0.0989381159870355,0.0204707192245722,True,0.8536302570000771,1.9172510899785384,4.0,39142.0
15,pair_15.npz,sagereg_regen,2000,0.0225,0.047858353537161,0.0578499659828954,True,0.8939128689994504,2.035552856489124,6.0,40912.0
16,pair_16.npz,sagereg_regen,2000,0.0195,0.0787399338686583,0.0222655023314505,True,0.9078461429999152,1.7303233294633702,6.0,40327.0
17,pair_17.npz,sagereg_regen,2000,0.018,0.0516482884240118,0.016845150265751,True,0.899129597999945,1.6369119000577548,5.0,40179.0
18,pair_18.npz,sagereg_regen,2000,0.0225,0.1387222605789272,9.12779901025383,False,0.8194060559994796,1.9240475114656497,4.0,29606.0
19,pair_19.npz,sagereg_regen,2000,0.0225,0.0532366422673894,0.0188597447010799,True,0.9288837379999676,1.4005386234843933,6.0,43471.0
20,pair_20.npz,sagereg_regen,2000,0.0225,0.0476819574239096,0.0161578067320828,True,0.9293234520005172,1.9897449794314568,5.0,45908.0
21,pair_21.npz,sagereg_regen,2000,0.02,0.0640983170220645,0.0131272874392253,True,0.9101987740000368,1.7919824764594945,6.0,41702.0
22,pair_22.npz,sagereg_regen,2000,0.0275,0.0601801366683816,0.0052246885729003,True,0.8320081360002405,1.829349611081752,3.0,36954.0
23,pair_23.npz,sagereg_regen,2000,0.0135,0.060228027968414,0.0242187683869224,True,0.8700978069996381,1.6582598647895883,6.0,34645.0
24,pair_24.npz,sagereg_regen,2000,0.0245,0.0810603550013391,0.0286433465358355,True,0.897045648999665,1.9936882325622245,5.0,36811.0
25,pair_25.npz,sagereg_regen,2000,0.029,0.0651029873893842,0.0205716294443207,True,0.8704070230005527,1.7148616912873191,4.0,39122.0
26,pair_26.npz,sagereg_regen,2000,0.022,0.0584991333608198,0.0116613915428426,True,0.9176084039995658,1.9062753442241875,6.0,40639.0
27,pair_27.npz,sagereg_regen,2000,0.018,0.0711204975790844,0.028572565526036,True,0.9034208920002128,1.915577749085352,6.0,40644.0
28,pair_28.npz,sagereg_regen,2000,0.0265,0.0307252838458494,0.0088374664766449,True,0.9247377699998652,1.8263901055637008,6.0,42773.0
29,pair_29.npz,sagereg_regen,2000,0.022,0.0981250835762699,0.023214500035062,True,0.9168759610001872,1.5738800042253371,5.0,42502.0
30,pair_30.npz,sagereg_regen,2000,0.0275,0.0553175662451745,0.0085640555090546,True,0.9055242429999452,1.8182424027356947,5.0,39867.0
31,pair_31.npz,sagereg_regen,2000,0.0155,0.0690101657003502,0.0089693107337026,True,0.8915212970000539,1.3759748679716484,6.0,39552.0
32,pair_32.npz,sagereg_regen,2000,0.024,0.108288994381618,0.0277945265645863,True,0.8685062999998081,1.35540779087128,5.0,34778.0
33,pair_33.npz,sagereg_regen,2000,0.0135,5.725022117975027,0.9887119819025436,False,0.7966200430000754,1.5706593731769518,6.0,23881.0
34,pair_34.npz,sagereg_regen,2000,0.006,13.91822795789157,9.975497132356162,False,0.8064689799994085,1.4255503223849593,5.0,24894.0
35,pair_35.npz,sagereg_regen,2000,0.0105,0.111914196900378,0.0138407430480453,True,0.874457486999745,1.6636520431753163,5.0,37903.0
36,pair_36.npz,sagereg_regen,2000,0.005,0.8563255272787947,10.8276047707548,False,0.8387333830000898,1.1087206770106015,6.0,26521.0
37,pair_37.npz,sagereg_regen,2000,0.01,1.752392739797488,0.976566111929792,False,0.8593310390001534,1.4835890314386866,6.0,33825.0
38,pair_38.npz,sagereg_regen,2000,0.007,0.4235684305063177,9.349614851004324,False,0.8463968989999557,1.161088166794723,5.0,29808.0
39,pair_39.npz,sagereg_regen,2000,0.0205,0.0710965271530162,0.0309520418903518,True,0.8949656899999354,1.9542091075143528,6.0,39899.0
40,pair_40.npz,sagereg_regen,2000,0.0215,0.0720493853950567,0.0087326467815574,True,0.810967313999754,1.7238070948884865,4.0,31811.0
41,pair_41.npz,sagereg_regen,2000,0.0385,0.0554163941561216,0.0230139293960599,True,0.7715931789998649,1.7125021141137935,4.0,27232.0
42,pair_42.npz,sagereg_regen,2000,0.029,0.0678866290657522,0.0293874884794567,True,0.8731739310001103,1.631529440800716,5.0,34621.0
43,pair_43.npz,sagereg_regen,2000,0.0415,0.5442652555025262,0.1528023526607964,True,0.8729341719999866,1.6026730601247423,4.0,34228.0
44,pair_44.npz,sagereg_regen,2000,0.035,0.2109386553112788,0.0649098402831658,True,0.7714379300000473,1.7076459066631795,4.0,27718.0
45,pair_45.npz,sagereg_regen,2000,0.07,0.1366537303483102,0.0157386217769252,True,0.7834402190001128,1.4629626090389625,5.0,23954.0
46,pair_46.npz,sagereg_regen,2000,0.08,0.220914258380195,0.0295977963175807,True,0.7649134699995557,1.3872433639525374,4.0,22489.0
47,pair_47.npz,sagereg_regen,2000,0.0585,0.2640511938468062,0.0124308655353854,True,0.7660265849999632,1.2933829177518086,4.0,22796.0
48,pair_48.npz,sagereg_regen,2000,0.059,0.1379952216109041,0.0246502590225806,True,0.7183097409997572,1.619599648263111,3.0,22335.0
49,pair_49.npz,sagereg_regen,2000,0.0685,0.1061274072316027,0.0255794159963428,True,0.7348029030004,1.7872717882334412,4.0,21785.0
50,pair_50.npz,sagereg_regen,2000,0.045,0.2991021029051702,0.0332944169199071,True,0.7327614669998184,1.5048883671562068,4.0,19058.0
51,pair_51.npz,sagereg_regen,2000,0.044,0.0899322677247621,0.018199043840318,True,0.7073212569998759,1.264495443393369,4.0,18103.0
52,pair_52.npz,sagereg_regen,2000,0.0725,0.1831120833662088,0.0320442465683297,True,0.6824545039999066,1.278407945853467,2.0,22025.0
53,pair_53.npz,sagereg_regen,2000,0.0745,0.1527021403812912,0.0213871002611489,True,0.7671517690000655,1.3255357604114193,6.0,21658.0
54,pair_54.npz,sagereg_regen,2000,0.06,0.2072256230284102,0.0146761357802369,True,0.7464158820002922,1.3099819501321168,5.0,18209.0
55,pair_55.npz,sagereg_regen,2000,0.07,0.1299326675704213,0.0456635993295482,True,0.752531419999741,1.3347951074780904,6.0,19384.0
56,pair_56.npz,sagereg_regen,2000,0.0995,0.2000023881199663,0.0369861791769534,True,0.7488212860002932,1.4257943807640394,3.0,22214.0
57,pair_57.npz,sagereg_regen,2000,0.0515,0.0815594777486165,0.0182932131819491,True,0.7108760979999715,1.2758700851667784,3.0,21617.0
58,pair_58.npz,sagereg_regen,2000,0.092,0.1742705173778868,0.0591207691457074,True,0.7650761539998712,1.508828524620281,5.0,22071.0
59,pair_59.npz,sagereg_regen,2000,0.0435,0.2352635210550628,0.0411312006344042,True,0.7865610600001673,1.6596820269165549,6.0,26421.0
60,pair_60.npz,sagereg_regen,2000,0.022,0.9959791759002752,0.125421887785452,True,0.8309446939997542,1.47665504578412,4.0,32964.0
61,pair_61.npz,sagereg_regen,2000,0.02,0.0385915397698377,0.0263824775607968,True,0.8251702449997538,1.9411357854860436,5.0,31265.0
62,pair_62.npz,sagereg_regen,2000,0.022,0.1486289413956993,0.0296877472110241,True,0.7922188419997838,1.3922031037316678,4.0,30382.0
63,pair_63.npz,sagereg_regen,2000,0.055,0.0313178549646236,0.0231852109119863,True,0.8667844039996453,1.5762904732236092,5.0,30272.0
64,pair_64.npz,sagereg_regen,2000,0.049,0.1411133161585115,0.0210953059043104,True,0.853492076999828,1.7670723928106815,6.0,30112.0
65,pair_65.npz,sagereg_regen,2000,0.019,0.3410557902221539,0.0744453788539786,True,0.814814775999821,1.8856950480347692,6.0,31559.0
66,pair_66.npz,sagereg_regen,2000,0.047,0.8036312104794562,0.1471365420509719,True,0.8178160880006544,1.5176132242935056,6.0,30843.0
67,pair_67.npz,sagereg_regen,2000,0.0605,0.1123165523084916,0.0471759526090818,True,0.7325001780000093,1.6759450283534651,4.0,24050.0
68,pair_68.npz,sagereg_regen,2000,0.068,0.0910628336139835,0.0294799168006682,True,0.7694604039998012,1.3626253278809537,6.0,21189.0
69,pair_69.npz,sagereg_regen,2000,0.088,0.1700852385509235,0.0208851084082456,True,0.7897714970004017,1.423646308146474,4.0,21834.0
70,pair_70.npz,sagereg_regen,2000,0.0635,0.1478570516365836,0.0097019138558287,True,0.7549375189996681,1.4236159760567988,5.0,21324.0
71,pair_71.npz,sagereg_regen,2000,0.075,0.2702943451542586,0.0366627322260126,True,0.7206051750004008,1.536049524503895,5.0,18164.0
72,pair_72.npz,sagereg_regen,1971,0.0273972602739726,0.1671203207615971,0.0453221697258009,True,0.6618540149997898,1.2393245747833166,5.0,15821.0
73,pair_73.npz,sagereg_regen,2000,0.0775,0.2937822792213795,0.0524774354571245,True,0.7200631840000824,1.3791251782228189,3.0,18302.0
74,pair_74.npz,sagereg_regen,2000,0.092,0.0644397832892722,0.0212589899085748,True,0.7622962469999948,1.5894780757467688,5.0,20116.0
75,pair_75.npz,sagereg_regen,2000,0.1055,0.1108710758141621,0.0209769456737095,True,0.7748228519999429,1.582190064016495,3.0,22608.0
76,pair_76.npz,sagereg_regen,2000,0.0805,0.0876647965835868,0.0155174474760779,True,0.7544501350002975,1.5625328922338948,3.0,21495.0
77,pair_77.npz,sagereg_regen,2000,0.0605,0.1852121675730416,0.0310397885096216,True,0.7147935859998142,1.3341820240817597,4.0,20309.0
78,pair_78.npz,sagereg_regen,2000,0.083,0.152133847525786,0.0147610441754077,True,0.7581738769999902,1.445369814073307,5.0,21499.0
79,pair_79.npz,sagereg_regen,2000,0.1005,0.132519550628744,0.0171409832386558,True,0.7635474079997948,1.618856348743943,3.0,23458.0
80,pair_80.npz,sagereg_regen,2000,0.1125,0.1001623256479217,0.0296084031998058,True,0.7493367669999316,1.3911048717776573,1.0,23982.0
81,pair_81.npz,sagereg_regen,2000,0.065,0.0811456340008756,0.0143974427421192,True,0.7988131299998713,1.3122470254252814,6.0,24788.0
82,pair_82.npz,sagereg_regen,2000,0.015,0.7021768990019995,0.1016553375437943,True,0.7808367460002046,1.5224016167502847,4.0,31885.0
83,pair_83.npz,sagereg_regen,2000,0.0175,0.4446919272065453,0.0750269242258832,True,0.8789186309995785,1.7929452955557543,5.0,40829.0
84,pair_84.npz,sagereg_regen,2000,0.024,0.0319686206780906,0.0252542886182608,True,0.9125431729999036,1.5946970649716796,6.0,42305.0
85,pair_85.npz,sagereg_regen,2000,0.023,0.043784968794739,0.033848297847061,True,0.8494067289993836,1.6891875979436546,3.0,43273.0
86,pair_86.npz,sagereg_regen,2000,0.034,0.0837291827787991,0.0040495334261541,True,0.9019788230002632,1.5058176566067412,6.0,40207.0
87,pair_87.npz,sagereg_regen,2000,0.031,0.1096048486241493,0.0416812732501202,True,0.8770222300004207,1.522218791340051,6.0,36560.0
88,pair_88.npz,sagereg_regen,2000,0.0165,0.6831763129696191,0.0469468690668815,True,0.8041555129998414,1.839403766964932,3.0,33892.0
89,pair_89.npz,sagereg_regen,2000,0.0375,0.1876571942714258,0.0381278482782396,True,0.7291438389997893,1.2386885379372805,2.0,28927.0
90,pair_90.npz,sagereg_regen,2000,0.043,0.1832516847502781,0.0495654441948764,True,0.7231516839997312,1.2644552482399638,4.0,23739.0
91,pair_91.npz,sagereg_regen,2000,0.1035,0.1266642436949115,0.0118270655452108,True,0.7380691539997315,1.4251714551411514,4.0,21049.0
92,pair_92.npz,sagereg_regen,2000,0.066,0.1639030730721734,0.0170088768700292,True,0.770584966000115,1.5061787699005302,5.0,22460.0
93,pair_93.npz,sagereg_regen,2000,0.0895,0.0741604012885169,0.027803630353408,True,0.7616955820003568,1.6080194313021683,4.0,21832.0
94,pair_94.npz,sagereg_regen,2000,0.092,0.1723304990636102,0.0578956550803109,True,0.7414913360003084,1.4853767316886095,3.0,21494.0
95,pair_95.npz,sagereg_regen,2000,0.0585,0.0895609304130018,0.027931233737358,True,0.7453189230000135,1.2856672490916203,5.0,22713.0
96,pair_96.npz,sagereg_regen,2000,0.086,0.1205304225230769,0.0264377786535208,True,0.7667687679995652,1.5521501225367906,4.0,23907.0
97,pair_97.npz,sagereg_regen,2000,0.1265,0.1275456808384813,0.0390308375182593,True,0.7842287240000587,1.5794376665535006,3.0,24019.0
98,pair_98.npz,sagereg_regen,2000,0.0555,0.1765208376800346,0.0271464579171245,True,0.7147008510000887,1.3738806144513007,3.0,22093.0
99,pair_99.npz,sagereg_regen,2000,0.0405,0.1999673664824378,0.0430461415280712,True,0.7295985119999386,1.3164753787860326,4.0,20221.0
100,pair_100.npz,sagereg_regen,2000,0.051,0.1619272400591974,0.0226247687378474,True,0.7159381479996227,1.333745946225834,4.0,19780.0
101,pair_101.npz,sagereg_regen,2000,0.053,0.208992098727191,0.0375054154359608,True,0.7423077160001412,1.2834865490211689,4.0,19154.0
102,pair_102.npz,sagereg_regen,2000,0.053,0.0688077945385629,0.0129532223848103,True,0.7090949590001401,1.2533769713008986,5.0,17419.0
103,pair_103.npz,sagereg_regen,2000,0.035,0.3472876735082642,0.0305400059896858,True,0.6827869110002212,1.2916855933494311,4.0,17710.0
104,pair_104.npz,sagereg_regen,2000,0.048,0.1309770431657065,0.0134649954366454,True,0.7895465039996452,1.9918529224863,6.0,25793.0
105,pair_105.npz,sagereg_regen,2000,0.01,1.480250840963447,0.1084556970974134,True,0.8202112979997764,1.3472249293531426,5.0,32855.0
106,pair_106.npz,sagereg_regen,2000,0.0425,0.1052492939848217,0.0067003765119527,True,0.8394946129997152,1.9227735220507456,6.0,31466.0
107,pair_107.npz,sagereg_regen,2000,0.047,0.1164414417886541,0.0288313379653106,True,0.8174992489998658,1.5573305588239794,3.0,27356.0
108,pair_108.npz,sagereg_regen,2000,0.0505,0.0354807168447911,0.0289485036800908,True,0.7447659189997466,1.2484981306344665,2.0,25893.0
109,pair_109.npz,sagereg_regen,2000,0.05,0.1930356906939454,0.0284410987373262,True,0.804069470000286,1.2734060967943246,3.0,24707.0
110,pair_110.npz,sagereg_regen,2000,0.0625,0.1118854720038545,0.0242788546181842,True,0.807700819999809,1.382378704899515,4.0,25748.0
111,pair_111.npz,sagereg_regen,2000,0.0385,0.1032340226369351,0.0160923527627964,True,0.8111027989998547,2.024829879335877,5.0,31326.0
112,pair_112.npz,sagereg_regen,2000,0.0415,0.0990825698268634,0.0186791865931803,True,0.7619692630000827,2.004473042619017,2.0,32222.0
113,pair_113.npz,sagereg_regen,2000,0.039,0.0687560204897177,0.0327389277556934,True,0.7906604360000529,1.721439023869718,4.0,27957.0
114,pair_114.npz,sagereg_regen,2000,0.0885,0.1348922654890032,0.0310923436614721,True,0.8194172919997982,1.6102574134691507,3.0,28697.0
115,pair_115.npz,sagereg_regen,2000,0.0345,0.1983512275570069,0.0308018799607,True,0.8315186629997697,1.4100127971234226,6.0,30490.0
116,pair_116.npz,sagereg_regen,2000,0.0565,0.0982916946774665,0.0269977204182976,True,0.8406568720001815,1.7054527014005252,5.0,29938.0
117,pair_117.npz,sagereg_regen,2000,0.033,0.0694653011437225,0.0117553400806343,True,0.7836366859996815,2.0026050869063843,4.0,33259.0
118,pair_118.npz,sagereg_regen,2000,0.059,0.0946669689279748,0.0259988628917706,True,0.8277534989997548,2.0318612304673844,6.0,32825.0
119,pair_119.npz,sagereg_regen,2000,0.0185,0.055996430068241,0.0521459142161417,True,0.7625279990002127,1.448640368623137,6.0,24566.0
120,pair_120.npz,sagereg_regen,2000,0.046,0.0922154142104936,0.0282932111298441,True,0.7750722079999832,1.471505840731736,4.0,25529.0
121,pair_121.npz,sagereg_regen,2000,0.0655,0.0629058360735495,0.0362350347359705,True,0.839258054000311,1.6272806986956334,5.0,26673.0
122,pair_122.npz,sagereg_regen,2000,0.0685,0.0598850548766653,0.0293383304280337,True,0.835394885000369,1.654986236041323,4.0,27561.0
123,pair_123.npz,sagereg_regen,2000,0.0325,0.0736895386890009,0.0185540494938784,True,0.812508753000202,1.6815206776719425,6.0,29449.0
124,pair_124.npz,sagereg_regen,2000,0.0075,0.983766166558054,0.2235537772439701,True,0.8718743839999661,1.5578941479452983,6.0,39679.0
125,pair_125.npz,sagereg_regen,2000,0.0195,0.1670406671764654,0.0567540308369359,True,0.9029415920003884,1.6521685048746355,6.0,41870.0
126,pair_126.npz,sagereg_regen,2000,0.0095,0.0633173786128034,0.0429727459584403,True,0.900021655999808,1.8748209877981843,6.0,41107.0
127,pair_127.npz,sagereg_regen,2000,0.007,6.528717232165358,10.180689595971716,False,0.8414282039998398,1.9877349949243148,6.0,26880.0
128,pair_128.npz,sagereg_regen,2000,0.02,0.0381408806200239,0.0115704830600014,True,0.914028087999668,1.8307793169230124,6.0,41064.0
129,pair_129.npz,sagereg_regen,2000,0.011,0.0392426949798483,0.0142207566202064,True,0.9144231710006352,2.005119767054889,6.0,42528.0
130,pair_130.npz,sagereg_regen,2000,0.018,0.0773984490238711,0.0362622196005517,True,0.9207709229999635,2.0008613488278324,6.0,42766.0
131,pair_131.npz,sagereg_regen,2000,0.033,0.0669679890117047,0.0076246648250323,True,0.9112368569999488,1.8879678785838745,4.0,39530.0
132,pair_132.npz,sagereg_regen,2000,0.026,0.0471298396883036,0.0179771182191522,True,0.8820779929997116,1.8797576088634091,5.0,36361.0
133,pair_133.npz,sagereg_regen,2000,0.0205,0.0522334853375931,0.0094257832051553,True,0.8706147949997103,1.966552023648282,6.0,35344.0
134,pair_134.npz,sagereg_regen,2000,0.026,0.0596698142955511,0.0162575816612437,True,0.895747098999891,1.416808239614677,6.0,37992.0
135,pair_135.npz,sagereg_regen,2000,0.0225,0.0584066553101982,0.0224228624903958,True,0.8937053899999228,1.783552089245106,6.0,40410.0
136,pair_136.npz,sagereg_regen,2000,0.0395,0.0521107515670833,0.0180869641903191,True,0.93502279500035,1.9844543802155576,5.0,41515.0
137,pair_137.npz,sagereg_regen,2000,0.029,0.0634329421558176,0.021472168032466,True,0.9198867779996364,1.749593638045395,5.0,42109.0
138,pair_138.npz,sagereg_regen,2000,0.0275,0.0422705937302648,0.0154904168530029,True,0.8681473599999663,1.85439028114669,4.0,41032.0
139,pair_139.npz,sagereg_regen,2000,0.033,0.071910354880774,0.0352770213101843,True,0.8774484099994879,1.8042732802691008,4.0,42169.0
140,pair_140.npz,sagereg_regen,2000,0.019,0.0607989025917034,0.0406418117595664,True,0.9299373419999027,1.7043570222493996,6.0,45597.0
141,pair_141.npz,sagereg_regen,2000,0.014,0.0548895154670546,0.023513979391346,True,0.984731950999958,1.441638713686087,6.0,49321.0
142,pair_142.npz,sagereg_regen,2000,0.005,6.5939864290377,10.00864361717234,False,0.7905262819999734,1.8903514922764069,2.0,24935.0
143,pair_143.npz,sagereg_regen,2000,0.0035,3.1761799409355223,3.445316369070837,False,0.831960326999706,1.198940363447355,6.0,21801.0
144,pair_144.npz,sagereg_regen,2000,0.0075,1.653899763346949,0.5232995285723722,True,0.8522832139997263,1.8767116328665845,6.0,32678.0
145,pair_145.npz,sagereg_regen,2000,0.0025,5.376258822333421,9.265310638960043,False,0.8084470299995701,1.5690894838898477,5.0,22674.0
146,pair_146.npz,sagereg_regen,2000,0.006,0.2291495221173304,9.358905264041493,False,0.8136352749997968,1.80027351908401,6.0,24260.0
147,pair_147.npz,sagereg_regen,2000,0.007,12.121363237480493,8.009177267687672,False,0.7465591570003198,1.0202982206011797,4.0,19648.0
148,pair_148.npz,sagereg_regen,2000,0.022,0.035381351143181,0.0399943315607875,True,0.8199799100002565,1.4094570565437596,3.0,32586.0
149,pair_149.npz,sagereg_regen,2000,0.014,0.5034451427160065,0.2771400886508555,True,0.8007483160004085,1.1055281096280158,6.0,33164.0
150,pair_150.npz,sagereg_regen,2000,0.012,1.012698322810356,0.6985219915115503,False,0.8040151540003535,1.4427348575478187,6.0,30645.0
151,pair_151.npz,sagereg_regen,2000,0.025,0.1027651063425215,0.0655748735897442,True,0.717850000999988,1.157333169699598,6.0,21192.0
152,pair_152.npz,sagereg_regen,2000,0.0375,0.2587125436295241,0.0378233588887324,True,0.7610938650004755,1.3407075115950204,5.0,22936.0
153,pair_153.npz,sagereg_regen,2000,0.0785,0.1241688515007782,0.0197372149006287,True,0.7522609330003434,1.7421257086632127,2.0,24160.0
154,pair_154.npz,sagereg_regen,2000,0.0785,0.2937050448509408,0.0394182590065034,True,0.7991102589999173,1.6063526050568555,4.0,23214.0
155,pair_155.npz,sagereg_regen,2000,0.0345,0.2479315967958771,0.0269449129212086,True,0.7174070030005169,1.2574884624731213,3.0,20739.0
156,pair_156.npz,sagereg_regen,2000,0.1075,0.0987940400208576,0.0185213916565829,True,0.6945784459999231,1.2639761620480308,3.0,17873.0
157,pair_157.npz,sagereg_regen,2000,0.0875,0.1411234241845054,0.0146844820782817,True,0.7102970829996593,1.3824097028105726,3.0,18139.0
158,pair_158.npz,sagereg_regen,2000,0.038,0.2602295767207095,0.0253060715144589,True,0.7215940439996302,1.1937040185267422,5.0,18169.0
159,pair_159.npz,sagereg_regen,2000,0.066,0.2641149035667787,0.0292022368062484,True,0.7323801480001748,1.3646592389229686,5.0,17362.0
160,pair_160.npz,sagereg_regen,2000,0.038,0.3353854531263467,0.0154418743874533,True,0.6847629880003296,1.4895761405128514,2.0,18110.0
161,pair_161.npz,sagereg_regen,2000,0.011,2.362127971948017,0.4165664100387156,True,0.6882866320001995,1.1933678540183432,6.0,17413.0
162,pair_162.npz,sagereg_regen,2000,0.0705,0.146014657063757,0.0504067161409232,True,0.7158946420004213,1.2462814600760546,4.0,16871.0
163,pair_163.npz,sagereg_regen,1891,0.0634584875727128,0.0968680908322983,0.0333596315497539,True,0.6813977399997384,1.2241806288755746,6.0,17196.0
164,pair_164.npz,sagereg_regen,1734,0.0767012687427912,0.2616925898324028,0.023592627079481,True,0.5692062969997096,1.1148285510091789,2.0,14773.0
165,pair_165.npz,sagereg_regen,1659,0.0741410488245931,0.2009298935658008,0.0368573065337957,True,0.5542131390002396,1.167153640521254,4.0,14366.0
166,pair_166.npz,sagereg_regen,1979,0.0480040424456796,0.3890678540596478,0.0333485747751375,True,0.6801749040000686,1.2644685711091483,5.0,15075.0
167,pair_167.npz,sagereg_regen,2000,0.08,0.1067356854908291,0.0309302788896318,True,0.6978884730001482,1.486664487064674,2.0,20319.0
168,pair_168.npz,sagereg_regen,2000,0.076,0.0710348083953165,0.0089273273556814,True,0.7211726330001511,1.2773548132243584,2.0,17599.0
169,pair_169.npz,sagereg_regen,1840,0.0701086956521739,0.1132025157665547,0.0100756385808511,True,0.6414046939999025,1.1913381207088225,3.0,15655.0
170,pair_170.npz,sagereg_regen,1886,0.0710498409331919,0.175455921195412,0.0323842380107848,True,0.6626614440001504,1.3027530434332568,5.0,15115.0
171,pair_171.npz,sagereg_regen,1804,0.0548780487804878,0.0739887497682075,0.0347545305842634,True,0.6104807709998568,1.2656965051560034,3.0,15423.0
172,pair_172.npz,sagereg_regen,1941,0.0643997939206594,0.1839260067154002,0.0280796292005941,True,0.6461922930002402,1.3248267474570574,3.0,15332.0
173,pair_173.npz,sagereg_regen,2000,0.092,0.067635173166697,0.0248764224848047,True,0.6931174200003625,1.7816927815481718,1.0,18728.0
174,pair_174.npz,sagereg_regen,2000,0.0355,0.4479163878074424,0.0197618174265125,True,0.685603977000028,1.948244114724161,4.0,15999.0
175,pair_175.npz,sagereg_regen,1516,0.0184696569920844,0.22604017666977,0.0571782183492013,True,0.4819718160001685,1.435255386046914,6.0,12873.0
176,pair_176.npz,sagereg_regen,1563,0.018554062699936,0.2196259766372493,0.0122413272565943,True,0.534340498000347,1.3692828499238334,6.0,13261.0
177,pair_177.npz,sagereg_regen,1948,0.0431211498973305,0.2600436956347876,0.0102772709044496,True,0.681316078000691,1.185943073144644,5.0,15394.0
178,pair_178.npz,sagereg_regen,2000,0.0285,0.1270494122449561,0.0507080086588991,True,0.6769220389996917,1.2966203120712247,4.0,16237.0
179,pair_179.npz,sagereg_regen,2000,0.0195,0.2534572196317197,0.1171826825367799,True,0.7130646399996294,2.012455952869252,6.0,23927.0
180,pair_180.npz,sagereg_regen,2000,0.0105,1.2020433461314548,0.5485145564586783,True,0.7682966910001596,1.7028679615034772,5.0,30927.0
181,pair_181.npz,sagereg_regen,2000,0.0285,0.1394861627239878,0.0371919183235398,True,0.712462917999801,1.6627182130905371,6.0,23043.0
182,pair_182.npz,sagereg_regen,2000,0.0475,0.1958447311840996,0.0410680004196938,True,0.7098032500002773,1.140110226770122,5.0,18492.0
183,pair_183.npz,sagereg_regen,2000,0.098,0.1982001604952441,0.0350479126842308,True,0.7584520789996532,1.2563441934947857,4.0,18856.0
184,pair_184.npz,sagereg_regen,2000,0.0835,0.1710447679360562,0.019267963007293,True,0.7606158999997206,1.3912856768501565,3.0,19642.0
185,pair_185.npz,sagereg_regen,2000,0.066,0.1280558786549381,0.0322428416880801,True,0.7439489650000723,1.2941507901492575,3.0,19968.0
186,pair_186.npz,sagereg_regen,2000,0.057,0.156790137608129,0.0418875738700465,True,0.719187613000031,1.3393942241077146,2.0,19584.0
187,pair_187.npz,sagereg_regen,2000,0.024,1.258454270713067,0.2812729325758352,True,0.7388815969998177,1.8367563480277644,5.0,22807.0
188,pair_188.npz,sagereg_regen,2000,0.0325,0.063810468513446,0.0638881581225083,True,0.7604273330002798,1.3403415858700902,5.0,23498.0
189,pair_189.npz,sagereg_regen,2000,0.046,0.0856446790432402,0.0498314883693219,True,0.7721092400001908,1.454140408026222,5.0,24121.0
190,pair_190.npz,sagereg_regen,2000,0.0565,0.0878530901196443,0.0394671461611082,True,0.7917537530001937,1.4991309654618623,5.0,24230.0
191,pair_191.npz,sagereg_regen,2000,0.051,0.0865681860152455,0.0137560266535903,True,0.7613526980003371,1.3079160185470056,5.0,21639.0
192,pair_192.npz,sagereg_regen,2000,0.0545,0.1042878937625758,0.025615528263923,True,0.7622105400000692,1.5295898656919371,3.0,25887.0
193,pair_193.npz,sagereg_regen,2000,0.037,0.0918781793151428,0.0051529696541052,True,0.7888117150000653,1.5321734067393626,4.0,29665.0
194,pair_194.npz,sagereg_regen,2000,0.0455,0.0965051293039624,0.0143877167118121,True,0.7799640439998257,1.413199761985635,4.0,27496.0
195,pair_195.npz,sagereg_regen,2000,0.048,0.0493647214436211,0.0190274169179521,True,0.7517906990001393,1.3064964356853856,4.0,26278.0
196,pair_196.npz,sagereg_regen,2000,0.052,0.0994107847675745,0.0230054137700901,True,0.8096297500001128,1.5283828197772058,5.0,27918.0
197,pair_197.npz,sagereg_regen,2000,0.032,0.1290855485196238,0.0256919012372855,True,0.8256692730001305,1.80705143220693,5.0,29864.0
198,pair_198.npz,sagereg_regen,2000,0.0545,0.048877869116606,0.0276842641870485,True,0.8354262510001718,1.6345961840956529,5.0,29550.0
199,pair_199.npz,sagereg_regen,2000,0.0545,0.0480346431566748,0.0248035045724033,True,0.7222237120004138,1.556341297087801,2.0,26758.0
200,pair_200.npz,sagereg_regen,2000,0.05,0.1435822634406093,0.018199290794401,True,0.7718272540005273,1.737114521822065,5.0,24296.0
201,pair_201.npz,sagereg_regen,2000,0.0405,0.1404760040039374,0.0248621339203282,True,0.7219380750002529,1.3912902295136922,4.0,21930.0
202,pair_202.npz,sagereg_regen,2000,0.0735,0.121506991193056,0.036768079076083,True,0.7959795809997559,1.3298051214492317,6.0,25078.0
203,pair_203.npz,sagereg_regen,2000,0.081,0.0644530667179846,0.0146040297794081,True,0.8278674460002549,1.7538712660182303,6.0,28050.0
204,pair_204.npz,sagereg_regen,2000,0.051,0.0976429062705318,0.0309536549738304,True,0.765701141000136,1.761157217163474,4.0,26157.0
205,pair_205.npz,sagereg_regen,2000,0.061,0.0660111611113429,0.0180866802556926,True,0.792035938999561,1.498951475821251,6.0,25421.0
206,pair_206.npz,sagereg_regen,2000,0.0665,0.1160315456104939,0.016440240532491,True,0.7763287000002492,1.990014200980437,4.0,28493.0
207,pair_207.npz,sagereg_regen,2000,0.047,0.0466566088068336,0.0066175344056224,True,0.81910525100011,1.817268757342969,5.0,29662.0
208,pair_208.npz,sagereg_regen,2000,0.0375,0.0665960529454132,0.0127286628778109,True,0.7966401640001095,1.3097707823564382,6.0,27843.0
209,pair_209.npz,sagereg_regen,2000,0.0325,0.0732775437935104,0.0265725090010079,True,0.816452279999794,1.7514204255688972,5.0,29834.0
210,pair_210.npz,sagereg_regen,2000,0.025,0.0384634064285667,0.0339359533565247,True,0.8404332780000914,1.8501256572019429,6.0,35341.0
211,pair_211.npz,sagereg_regen,2000,0.0265,0.0633671733134389,0.0266959849773158,True,0.8608006089998526,1.7891351303775784,5.0,38495.0
212,pair_212.npz,sagereg_regen,2000,0.0165,0.0780574285910653,0.0356862314975723,True,0.840288910000254,1.5352446855721409,6.0,38739.0
213,pair_213.npz,sagereg_regen,2000,0.0185,0.0621196841038045,0.032791074965516,True,0.8382825779999621,1.967699970213688,6.0,37669.0
214,pair_214.npz,sagereg_regen,2000,0.037,0.0631663638782049,0.0287636448849519,True,0.7888219850005953,1.681888028813233,6.0,29300.0
215,pair_215.npz,sagereg_regen,2000,0.043,0.1881268801797394,0.0350427064567985,True,0.7523896779998722,1.621710745114417,5.0,23422.0
216,pair_216.npz,sagereg_regen,2000,0.0485,0.1382822355423583,0.0233475422537722,True,0.7619229310002993,1.8582214830935693,5.0,26487.0
217,pair_217.npz,sagereg_regen,2000,0.012,0.66613096024386,0.0995618679365547,True,0.8056513479996283,1.690420235714253,6.0,31401.0
218,pair_218.npz,sagereg_regen,2000,0.0065,8.424249369310335,2.134020571090032,False,0.776731529999779,1.3804902850272294,6.0,21077.0
219,pair_219.npz,sagereg_regen,2000,0.0105,0.3086288921244847,9.81520754871873,False,0.7841117670000131,1.966392015664708,6.0,19566.0
220,pair_220.npz,sagereg_regen,2000,0.022,0.046081742999839,0.0117199805930367,True,0.8248610340001505,1.5457191784546074,5.0,30805.0
221,pair_221.npz,sagereg_regen,2000,0.0235,0.0463545331510003,0.0273479399143679,True,0.8084996249999676,1.8829311189254985,5.0,31181.0
222,pair_222.npz,sagereg_regen,2000,0.0235,0.0964581859066983,0.0234010302697526,True,0.8131864050001241,1.666534620639754,6.0,29433.0
223,pair_223.npz,sagereg_regen,2000,0.0125,0.0617692147882324,0.0534959166258174,True,0.8054391129999203,1.4827117857997731,6.0,27194.0
224,pair_224.npz,sagereg_regen,2000,0.0115,0.1390248747318869,0.0740757075830781,True,0.8438387050000529,1.7937232700711798,6.0,35293.0
225,pair_225.npz,sagereg_regen,2000,0.025,0.0620317461597131,0.0337126278224435,True,0.8474308129998462,1.73028050510594,4.0,35816.0
226,pair_226.npz,sagereg_regen,2000,0.0345,0.1259389387639346,0.0163581045998728,True,0.8389330119998704,1.7512041009991774,6.0,33024.0
227,pair_227.npz,sagereg_regen,2000,0.0295,0.1593889029950433,0.0509732493093368,True,0.8360075280002093,1.9102327213340355,6.0,30976.0
228,pair_228.npz,sagereg_regen,2000,0.0335,0.0671449895928533,0.0470427692504502,True,0.7870733640002072,1.6896781596797534,3.0,29611.0
229,pair_229.npz,sagereg_regen,2000,0.071,0.1490273303839554,0.0321742337123429,True,0.8310316420001982,1.892458226849313,5.0,28110.0
230,pair_230.npz,sagereg_regen,2000,0.0405,0.2288335469941679,0.010023304905399,True,0.7853498700001182,1.4923677523587224,6.0,24767.0
231,pair_231.npz,sagereg_regen,2000,0.0285,0.1091096164874488,0.0440584499411517,True,0.7764600129994506,1.3239642169600363,5.0,21813.0
232,pair_232.npz,sagereg_regen,2000,0.03,0.1114468562849156,0.0297669760430076,True,0.7949288790000537,1.5216753188572036,6.0,23337.0
233,pair_233.npz,sagereg_regen,2000,0.047,0.0943230781687813,0.0256350220528664,True,0.7903987640002015,1.4340868427686675,5.0,25185.0
234,pair_234.npz,sagereg_regen,2000,0.0455,0.2330029771812089,0.0273083578702575,True,0.7876407690000633,1.26575423327568,6.0,24164.0
235,pair_235.npz,sagereg_regen,2000,0.0785,0.1202064312908873,0.0232873451546482,True,0.8039356200001748,1.2680014169779403,5.0,23716.0
236,pair_236.npz,sagereg_regen,2000,0.0295,0.1425755735794776,0.0549169237412123,True,0.7592771059994448,1.3259753858637795,3.0,23701.0
237,pair_237.npz,sagereg_regen,2000,0.0345,0.144792990751292,0.0048191551247269,True,0.7854137170002105,1.3895344414928197,6.0,24973.0
238,pair_238.npz,sagereg_regen,2000,0.0295,0.1085475851502008,0.0266764469360621,True,0.8181380969999736,1.498763957106494,5.0,27371.0
239,pair_239.npz,sagereg_regen,2000,0.035,0.1807881272453759,0.0190714870312084,True,0.7898665239995353,1.521767405650594,4.0,28877.0
240,pair_240.npz,sagereg_regen,2000,0.037,0.0623145754990772,0.0050828885084771,True,0.8121664569998757,1.4881849383930368,6.0,24770.0
241,pair_241.npz,sagereg_regen,2000,0.025,0.2573624209719491,0.0758233626666618,True,0.7062367130006351,1.301312513031165,2.0,21737.0
242,pair_242.npz,sagereg_regen,2000,0.0465,0.1035248402773529,0.032564065742724,True,0.8089932499997303,1.685308136292885,6.0,23939.0
243,pair_243.npz,sagereg_regen,2000,0.0375,0.1588094990185403,0.0368171748631474,True,0.7917783200000486,1.8176963640550088,5.0,25319.0
244,pair_244.npz,sagereg_regen,2000,0.0325,0.3341542434629347,9.477565767895095,False,0.7368789759998435,1.2440346979418302,6.0,18405.0
245,pair_245.npz,sagereg_regen,2000,0.0345,0.0710126890736029,0.013021300309213,True,0.7430195440001626,1.3782595287629875,3.0,21194.0
246,pair_246.npz,sagereg_regen,2000,0.0305,0.2769076661560549,0.0145120401260277,True,0.8072537110001576,1.4672703698369562,6.0,24369.0
247,pair_247.npz,sagereg_regen,2000,0.0455,0.0579803448065373,0.0261276875256292,True,0.8270461990000513,1.6801273446898015,5.0,27139.0
248,pair_248.npz,sagereg_regen,2000,0.0725,0.1446051223070664,0.036842270835715,True,0.8087183960001312,1.7937190963099985,3.0,27957.0
249,pair_249.npz,sagereg_regen,2000,0.0485,0.2515847317037409,0.0187699005329075,True,0.7678534050000962,1.702127007980747,3.0,25274.0
250,pair_250.npz,sagereg_regen,2000,0.0515,0.112627837749548,0.0409813345874297,True,0.7674987119999059,1.4159154417518316,4.0,23690.0
251,pair_251.npz,sagereg_regen,2000,0.0335,0.1242313426803658,0.0194547984562421,True,0.7818198850000044,1.237518843398629,6.0,23012.0
252,pair_252.npz,sagereg_regen,2000,0.0405,0.07679776830254,0.0223115819077112,True,0.8002774970004793,1.2116508539268844,5.0,24967.0
253,pair_253.npz,sagereg_regen,2000,0.018,0.0538065988958562,0.0420530589611869,True,0.8173431830005029,1.1751993261459277,6.0,30043.0
254,pair_254.npz,sagereg_regen,2000,0.0425,0.0771573093336899,0.0162310285528386,True,0.8612871979999,1.2957536201119022,3.0,32157.0
255,pair_255.npz,sagereg_regen,2000,0.0325,0.3442530725961408,0.0932731689294238,True,0.8671833799999149,1.3481733440776071,5.0,33900.0
256,pair_256.npz,sagereg_regen,2000,0.021,0.9470186249569784,0.0636081081948762,True,0.893937914000162,1.908592222570645,6.0,35565.0
257,pair_257.npz,sagereg_regen,2000,0.0035,54.38126366779186,9.077708696637922,False,0.8004429469997376,1.8863235393865696,6.0,22129.0
258,pair_258.npz,sagereg_regen,2000,0.032,0.0961450591919445,0.0496841378561985,True,0.867556680999769,1.7684814293468485,4.0,33253.0
259,pair_259.npz,sagereg_regen,2000,0.0555,0.0592036097927212,0.0300756174751996,True,0.869299224000315,1.4086139970093132,5.0,33635.0
260,pair_260.npz,sagereg_regen,2000,0.036,0.2801155930539418,0.0746172583274331,True,0.7599493849997998,1.2106559568789854,6.0,22905.0
261,pair_261.npz,sagereg_regen,2000,0.0365,0.0883815516500327,0.0351465791559529,True,0.7232732059997034,1.140097138049498,6.0,18361.0
262,pair_262.npz,sagereg_regen,2000,0.048,0.0671071193057087,0.0237468308198639,True,0.7289551330004542,1.4136033587978905,5.0,18459.0
263,pair_263.npz,sagereg_regen,2000,0.054,0.0852249706776283,0.0238800803027241,True,0.7261030320000827,1.4616708513825984,4.0,20501.0
264,pair_264.npz,sagereg_regen,2000,0.0685,0.2234442142274605,0.0378153025571601,True,0.7551150349995623,1.8807894493141208,4.0,21370.0
265,pair_265.npz,sagereg_regen,2000,0.03,0.4891507729969473,0.028571988369207,True,0.724222944000303,1.2375655286387408,6.0,16219.0
266,pair_266.npz,sagereg_regen,2000,0.0305,0.1857195450566305,0.0191027246599878,True,0.7122929080001086,1.2800932752447265,5.0,16848.0
267,pair_267.npz,sagereg_regen,2000,0.0515,0.0844073802889635,0.0147860289041871,True,0.7458494329998757,1.2695664316685853,5.0,18212.0
268,pair_268.npz,sagereg_regen,2000,0.0435,0.2418077178456315,0.0515035606717885,True,0.7187841139998454,1.2479355119615945,3.0,18714.0
269,pair_269.npz,sagereg_regen,2000,0.069,0.1638104892591767,0.010998113794887,True,0.8144943810002587,1.8967672216319584,5.0,27851.0
270,pair_270.npz,sagereg_regen,2000,0.049,0.1683189900396153,0.0398204299805269,True,0.7975664030000189,1.96519286919912,6.0,28241.0
271,pair_271.npz,sagereg_regen,2000,0.035,0.1962968131346311,0.010522446173566,True,0.7206275319999804,1.5365793171435058,6.0,19133.0
272,pair_272.npz,sagereg_regen,2000,0.0425,0.0553328856533048,0.0236778520398997,True,0.7128082260001065,1.1653256363308595,4.0,18678.0
273,pair_273.npz,sagereg_regen,1870,0.0320855614973262,0.315688756572278,10.366548056010712,False,0.6099377919999824,1.0939625835704343,3.0,10592.0
274,pair_274.npz,sagereg_regen,1801,0.0255413659078289,0.3381169289979829,0.0351572178623239,True,0.6025652480002464,1.1946663799327917,3.0,13405.0
275,pair_275.npz,sagereg_regen,2000,0.051,0.1598462964850576,0.0306807765231917,True,0.7291766860003008,1.670450417268834,4.0,19440.0
276,pair_276.npz,sagereg_regen,2000,0.07,0.1554228593928049,0.0341820020122317,True,0.7275004339999214,1.4782177268401246,4.0,20683.0
277,pair_277.npz,sagereg_regen,2000,0.0765,0.1263842077110591,0.0493135990796929,True,0.7525923539997166,1.258008439014649,6.0,19061.0
278,pair_278.npz,sagereg_regen,2000,0.062,0.1073167585926739,0.0515459735067128,True,0.7374931590002234,1.2483307202214515,5.0,17573.0
279,pair_279.npz,sagereg_regen,2000,0.044,0.1480277172953712,0.0156736359352796,True,0.7027975890000562,1.124709025338855,4.0,16767.0
280,pair_280.npz,sagereg_regen,2000,0.0895,0.1567031643008067,0.0258402810896244,True,0.759030439000071,1.368680781670269,4.0,19398.0
281,pair_281.npz,sagereg_regen,2000,0.057,0.2191773580477956,0.0217807729101346,True,0.7264826509995146,1.3882865601996053,5.0,18756.0
282,pair_282.npz,sagereg_regen,2000,0.0435,0.4586038793155039,0.150316814348053,True,0.7410508619996108,1.9597232430872684,3.0,27113.0
283,pair_283.npz,sagereg_regen,2000,0.0225,0.7141155120080754,0.1509623892760774,True,0.6978797340007077,1.3764593476139748,2.0,25684.0
284,pair_284.npz,sagereg_regen,2000,0.027,0.1520433525536013,0.0222921346769186,True,0.7018623140002092,1.723478488890082,4.0,23636.0
285,pair_285.npz,sagereg_regen,2000,0.0585,0.1406127144912814,0.0415736163743106,True,0.7431543120001152,1.5833817961618846,4.0,23167.0
286,pair_286.npz,sagereg_regen,2000,0.0485,0.1485551222806786,0.0181772136192798,True,0.7392554729999574,1.352314698224786,4.0,23362.0
287,pair_287.npz,sagereg_regen,2000,0.0665,0.1198189469653298,0.0293184857829286,True,0.7404899509997449,1.5926145994089067,4.0,23458.0
288,pair_288.npz,sagereg_regen,2000,0.055,0.0913630664778708,0.058422674634339,True,0.769600870999966,1.5305058063624235,4.0,24686.0
289,pair_289.npz,sagereg_regen,2000,0.0555,0.0840075955372147,0.0268557848684359,True,0.727998652000224,1.539392145122912,2.0,21788.0
290,pair_290.npz,sagereg_regen,2000,0.0705,0.1498409186409887,0.0459170494168611,True,0.7407700630001273,1.565316874912221,4.0,23320.0
291,pair_291.npz,sagereg_regen,2000,0.0555,0.1506145481810908,0.0151602098846814,True,0.7201361089992133,1.4892481131170945,4.0,25432.0
292,pair_292.npz,sagereg_regen,2000,0.055,0.0948691231506352,0.0209924196688162,True,0.7473119120004412,1.482179424234491,4.0,26187.0
293,pair_293.npz,sagereg_regen,2000,0.053,0.1532123150813011,0.0138364728123129,True,0.8086190750004789,1.6117021125003876,6.0,30204.0
294,pair_294.npz,sagereg_regen,2000,0.0385,0.1827187178747194,0.0229131622832513,True,0.7515753279994897,1.819055825248437,5.0,27420.0
295,pair_295.npz,sagereg_regen,2000,0.055,0.0985515620569543,0.0303250389802914,True,0.7613315409998904,1.879331138321372,6.0,22121.0
296,pair_296.npz,sagereg_regen,2000,0.037,0.1204334775064696,0.0204429652317105,True,0.7295192009996754,1.5403501013583507,6.0,18629.0
297,pair_297.npz,sagereg_regen,2000,0.0315,0.1092490614775736,0.0143202022544898,True,0.7010502769999221,1.406490206350702,3.0,18861.0
298,pair_298.npz,sagereg_regen,2000,0.03,0.1339579199097497,0.0114321183645576,True,0.7150128869998298,1.3280971658041616,4.0,18328.0
299,pair_299.npz,sagereg_regen,2000,0.0365,0.1513675510146441,0.0074606592661492,True,0.734787894999954,1.249994227725114,5.0,18789.0
300,pair_300.npz,sagereg_regen,2000,0.061,0.2709908489497623,0.0273025159672771,True,0.7255917699999372,1.3799325915290868,4.0,17669.0
301,pair_301.npz,sagereg_regen,2000,0.033,0.3075638418283193,0.0436356490244925,True,0.6765965670001606,1.254417879019027,3.0,17395.0
302,pair_302.npz,sagereg_regen,2000,0.0455,0.13908615770766,0.0087136585325395,True,0.7374173459998019,1.495639076628812,5.0,22743.0
303,pair_303.npz,sagereg_regen,2000,0.051,0.1285493148642618,0.0188091576007689,True,0.7770452219997424,1.4666033237709963,4.0,25637.0
304,pair_304.npz,sagereg_regen,2000,0.019,0.6319205067317258,0.093588913950934,True,0.819129256999986,1.7461286143422745,6.0,35161.0
305,pair_305.npz,sagereg_regen,2000,0.009,6.286635334108635,9.316296942921992,False,0.8247003129995392,1.9108182258971729,6.0,22136.0
306,pair_306.npz,sagereg_regen,2000,0.0455,0.0554756938678156,0.0548725357774917,True,0.8558259440001166,1.9839505478280104,6.0,34825.0
307,pair_307.npz,sagereg_regen,2000,0.056,0.0945084587597097,0.0733783513122002,True,0.8148214200000439,1.7866558421120349,4.0,30208.0
308,pair_308.npz,sagereg_regen,2000,0.0425,0.1105268170641171,0.019986586538621,True,0.8400680730001113,1.5099849836986028,3.0,37894.0
309,pair_309.npz,sagereg_regen,2000,0.043,0.0596459229036208,0.0058171614898897,True,0.933986860999994,1.3890169678576134,5.0,39620.0
310,pair_310.npz,sagereg_regen,2000,0.032,0.0829322787037209,0.0052435473898146,True,0.9219238559999212,2.0306564434472114,6.0,38938.0
311,pair_311.npz,sagereg_regen,2000,0.0425,3.531016742508103,9.49361900637366,False,0.8909026279998216,1.5030550168665169,6.0,35233.0
312,pair_312.npz,sagereg_regen,2000,0.0335,0.1050108852666459,0.0597127216855331,True,0.8320969840001453,1.337237911234049,3.0,38985.0
313,pair_313.npz,sagereg_regen,2000,0.037,0.1224150244720475,0.0434609715887786,True,0.8961152280003262,1.8047358529671635,5.0,36820.0
314,pair_314.npz,sagereg_regen,2000,0.054,0.110732390775607,0.0162946697780996,True,0.8930834369998593,1.527977025865548,5.0,36949.0
315,pair_315.npz,sagereg_regen,2000,0.039,3.8818757976594354,9.502504991174227,False,0.8871670899998207,1.2199685861240015,4.0,34709.0
316,pair_316.npz,sagereg_regen,2000,0.054,0.0756264921494038,0.0170385633930759,True,0.8736479090002831,1.6389142085900623,6.0,35913.0
317,pair_317.npz,sagereg_regen,2000,0.106,0.0534334726035359,0.0023218261810849,True,0.9128929830003472,1.8214042801973025,4.0,33737.0
318,pair_318.npz,sagereg_regen,2000,0.0615,0.1277528525920435,0.0471022968636107,True,0.8605910629999016,1.8142125252325672,4.0,33351.0
319,pair_319.npz,sagereg_regen,2000,0.0605,0.1251737910748597,0.0220693735932917,True,0.8525133170001027,1.5411075549677815,4.0,34513.0
320,pair_320.npz,sagereg_regen,2000,0.032,0.1305156788087015,0.0072223918143624,True,0.8511134489995129,1.430690334841629,5.0,33688.0
321,pair_321.npz,sagereg_regen,2000,0.033,0.1535257694052441,0.0239316402725513,True,0.8463517459999821,1.374115822568174,5.0,30761.0
322,pair_322.npz,sagereg_regen,2000,0.045,0.2137419435450326,0.066242653914818,True,0.8146530069998335,1.915716971621189,4.0,33822.0
323,pair_323.npz,sagereg_regen,2000,0.0195,0.0361438635590949,0.028253963275561,True,0.8768316050000067,1.826459401974579,6.0,41205.0
324,pair_324.npz,sagereg_regen,2000,0.0085,2.0244116180276497,0.5358613734256275,True,0.9121026200000416,1.2065469541700649,6.0,49977.0
325,pair_325.npz,sagereg_regen,2000,0.004,6.848640585990649,0.7487117046608277,False,0.8310923989997718,1.028275340345948,6.0,46839.0
326,pair_326.npz,sagereg_regen,2000,0.0035,11.456445715183822,9.64500495191913,False,0.832291468999756,1.3705326216597349,6.0,42619.0
327,pair_327.npz,sagereg_regen,2000,0.005,1.3303536693411278,0.5721680789746747,True,0.9593257709998396,1.627603867670393,6.0,58514.0
328,pair_328.npz,sagereg_regen,2000,0.001,7.94898792809491,9.103351738177446,False,0.8039498079997429,1.2900192725886095,5.0,40557.0
329,pair_329.npz,sagereg_regen,2000,0.0005,8.19792786749744,9.508788800516667,False,0.8109857579997879,1.4642802393137,6.0,40806.0
330,pair_330.npz,sagereg_regen,2000,0.0015,4.465564427431806,9.079257426368732,False,0.8307233389996327,1.6308193014536974,6.0,41200.0
331,pair_331.npz,sagereg_regen,2000,0.001,8.327500416715603,9.189176919613216,False,0.8878159350001624,1.7162816394107931,6.0,41393.0
332,pair_332.npz,sagereg_regen,2000,0.0025,5.33816321112837,5.823606593057889,False,0.862247871999898,1.3235666134987532,6.0,43508.0
333,pair_333.npz,sagereg_regen,2000,0.0115,8.169716385784167,8.743337195670707,False,0.8550351579997368,1.4232461439583863,6.0,35624.0
334,pair_334.npz,sagereg_regen,2000,0.0105,5.621328001979555,7.407857328642926,False,0.8315622949999124,1.2443761899125665,5.0,32567.0
335,pair_335.npz,sagereg_regen,2000,0.02,0.0618636831328353,0.0373716844481465,True,0.8601303640002698,1.2894971095913366,6.0,35367.0
336,pair_336.npz,sagereg_regen,2000,0.061,0.0954576556990258,0.0301038110739645,True,0.8152150380001331,1.629751148457078,4.0,28943.0
337,pair_337.npz,sagereg_regen,2000,0.0665,0.1321183718210106,0.024938865822205,True,0.7911648540002716,1.721125966106973,3.0,30314.0
338,pair_338.npz,sagereg_regen,2000,0.0875,0.0490832584963706,0.0224513442074286,True,0.7995979269999225,1.5193947429506045,4.0,30861.0
339,pair_339.npz,sagereg_regen,2000,0.043,0.0737219616597035,0.025517859201016,True,0.7656588069999088,1.4916882254504245,4.0,27411.0
340,pair_340.npz,sagereg_regen,2000,0.081,0.0363165906579736,0.0245546692671241,True,0.7775983270003053,1.6990371416009549,3.0,27509.0
341,pair_341.npz,sagereg_regen,2000,0.087,0.0772231503914004,0.0152498431044284,True,0.8111804549994304,1.3859060093828377,5.0,27504.0
342,pair_342.npz,sagereg_regen,2000,0.043,0.1162679217517233,0.033075354802203,True,0.7999466329997631,1.293832296740959,6.0,27618.0
343,pair_343.npz,sagereg_regen,2000,0.0705,0.0874490263408024,0.0201134650868541,True,0.8066957350001758,1.6038852774150945,4.0,29884.0
344,pair_344.npz,sagereg_regen,2000,0.098,0.1580632127287921,0.0253779008851394,True,0.856037020000258,1.5041240891796577,6.0,30944.0
345,pair_345.npz,sagereg_regen,2000,0.084,0.2090586378743532,0.0195165972911765,True,0.7601664459998574,1.4347325228925851,4.0,26395.0
346,pair_346.npz,sagereg_regen,2000,0.07,0.0989719586848042,0.0124083158749748,True,0.7830041340002936,1.4346322757889454,6.0,25902.0
347,pair_347.npz,sagereg_regen,2000,0.07,0.0613762722927678,0.017307748521412,True,0.7868493790001594,1.463603023630066,6.0,27029.0
348,pair_348.npz,sagereg_regen,2000,0.073,0.1313574997087666,0.0230808924704271,True,0.7243650850000449,1.0982941871440648,4.0,24308.0
349,pair_349.npz,sagereg_regen,2000,0.062,0.0900297015982014,0.0196918540450455,True,0.7653707710001072,1.4698878230305918,6.0,27194.0
350,pair_350.npz,sagereg_regen,2000,0.078,0.1291502743723379,0.0226823733197468,True,0.8013789100000395,1.6465746251267936,4.0,26841.0
351,pair_351.npz,sagereg_regen,2000,0.1215,0.0946855098175914,0.0206432107013963,True,0.7809335919996556,1.3784764413238464,3.0,25660.0
352,pair_352.npz,sagereg_regen,2000,0.098,0.1040924565481044,0.0298582918502387,True,0.751418248000391,1.2855240768213343,4.0,23883.0
353,pair_353.npz,sagereg_regen,2000,0.087,0.0863424898705718,0.0132192433017193,True,0.8000533990002623,1.33676106189916,6.0,23994.0
354,pair_354.npz,sagereg_regen,2000,0.1415,0.0425173822430856,0.0218737298803049,True,0.7706269850000353,1.4268233876080016,2.0,23088.0
355,pair_355.npz,sagereg_regen,2000,0.1185,0.0828009989819421,0.0210788240777,True,0.7533342820001963,1.4317726527122605,4.0,23534.0
356,pair_356.npz,sagereg_regen,2000,0.099,0.0833178914828756,0.0266457382821574,True,0.7714669540000614,1.4075804559744909,5.0,22566.0
357,pair_357.npz,sagereg_regen,2000,0.047,0.0884927703630716,0.0211907307841165,True,0.7775576589997399,1.413099610487415,5.0,24239.0
358,pair_358.npz,sagereg_regen,2000,0.0525,0.0945830327253481,0.0053470764308628,True,0.7838582419999511,1.765919074042671,6.0,25572.0
359,pair_359.npz,sagereg_regen,2000,0.1,0.0351061268493761,0.0392288421126367,True,0.7731315099999847,1.3904989459915904,3.0,25381.0
360,pair_360.npz,sagereg_regen,2000,0.081,0.0503853457726332,0.019583360209665,True,0.7883032889999413,1.5745798385663647,4.0,25685.0
361,pair_361.npz,sagereg_regen,2000,0.0945,0.071807315842748,0.006189762367084,True,0.751125327000409,1.5352557455746565,3.0,23638.0
362,pair_362.npz,sagereg_regen,2000,0.0835,0.1774546732414429,0.0294007874544217,True,0.7487516889996186,1.6457621768645885,3.0,23690.0
363,pair_363.npz,sagereg_regen,2000,0.0835,0.1049797881339799,0.0299536277165101,True,0.7599321920001785,1.5295788693269865,6.0,21970.0
364,pair_364.npz,sagereg_regen,2000,0.065,0.1254698313530937,0.0206820299353217,True,0.7020868909999081,1.4045142993244395,5.0,19472.0
365,pair_365.npz,sagereg_regen,2000,0.0795,0.0794897725572987,0.050944208834162,True,0.7272323649999635,1.7185631555883487,3.0,23528.0
366,pair_366.npz,sagereg_regen,2000,0.0905,0.0738159676110634,0.0275083186649405,True,0.7786941759995898,1.436261348776184,6.0,24408.0
367,pair_367.npz,sagereg_regen,2000,0.0755,0.122360013412252,0.0155072863219671,True,0.7333454499994332,1.3286997112258816,2.0,24903.0
368,pair_368.npz,sagereg_regen,2000,0.0945,0.1443047993504575,0.0336852933365946,True,0.772152938000545,1.4879035327925063,4.0,24149.0
369,pair_369.npz,sagereg_regen,2000,0.083,0.0,0.0317114338283764,True,0.8099925160004204,1.6262108422235455,5.0,27245.0
370,pair_370.npz,sagereg_regen,2000,0.0395,0.0481513864745144,0.0281763593159125,True,0.8270485229995757,1.7271950326740388,4.0,32033.0
371,pair_371.npz,sagereg_regen,2000,0.048,0.0842727038090526,0.0279774225344857,True,0.7837933850005356,1.7171388520769488,3.0,32922.0
372,pair_372.npz,sagereg_regen,2000,0.05,0.0386900830634854,0.0216845851599899,True,0.7574352529995849,1.6074737547127869,4.0,31733.0
373,pair_373.npz,sagereg_regen,2000,0.0515,0.1054452074601672,0.0380173996861643,True,0.7277315219998854,1.4021282675737117,4.0,29094.0
374,pair_374.npz,sagereg_regen,2000,0.0495,0.1291803191732404,0.0211173991718814,True,0.7318612469998698,1.2995078481366922,3.0,26569.0
375,pair_375.npz,sagereg_regen,2000,0.0725,0.0745394479013756,0.0192122371942538,True,0.8054505990003236,1.4563062853385007,5.0,28152.0
376,pair_376.npz,sagereg_regen,2000,0.077,0.0688017488681339,0.0160839119924459,True,0.8157942939997156,1.548635880515031,5.0,28327.0
377,pair_377.npz,sagereg_regen,2000,0.068,0.0417048137464992,0.0248721717359862,True,0.7459995369999888,1.2989551993298205,4.0,26857.0
378,pair_378.npz,sagereg_regen,2000,0.081,0.0568376840449805,0.0212721036710034,True,0.7938527749997775,1.4421028718052236,3.0,25408.0
379,pair_379.npz,sagereg_regen,2000,0.077,0.1185785360071334,0.0162302332465376,True,0.7760146549999263,1.5815838355460448,3.0,25824.0
380,pair_380.npz,sagereg_regen,2000,0.049,0.0759802534427086,0.0157727625236263,True,0.7849343939997198,1.2159886960724038,6.0,24221.0
381,pair_381.npz,sagereg_regen,2000,0.109,0.0619400891816823,0.0246506472406492,True,0.7748249629999009,1.503145548799154,4.0,24866.0
382,pair_382.npz,sagereg_regen,2000,0.0935,0.1459901451958916,0.015219708623546,True,0.7929161739998563,1.4638470102958552,5.0,24011.0
383,pair_383.npz,sagereg_regen,2000,0.103,0.0743928322889441,0.0330251559552139,True,0.7529776769997625,1.4921470926132103,3.0,23270.0
384,pair_384.npz,sagereg_regen,2000,0.083,0.1066307092013377,0.0490329877397874,True,0.7798959670003569,1.6133642363762075,5.0,23381.0
385,pair_385.npz,sagereg_regen,2000,0.114,0.1102101091278743,0.0360290663464412,True,0.7759770560001016,1.6024795555733102,6.0,22891.0
386,pair_386.npz,sagereg_regen,2000,0.0835,0.0898305904959767,0.0109157272607581,True,0.7361902010002268,1.4371669783914691,6.0,21777.0
387,pair_387.npz,sagereg_regen,2000,0.087,0.2271808208221917,0.0253353564671372,True,0.7466054499996062,1.33519971090039,4.0,22614.0
388,pair_388.npz,sagereg_regen,2000,0.1325,0.1004591630594491,0.0092675733340939,True,0.8022621999998591,1.8239024032376383,5.0,25192.0
389,pair_389.npz,sagereg_regen,2000,0.161,0.1321888492215049,0.0175356183169134,True,0.7983152320002773,1.6299683188474967,3.0,25709.0
390,pair_390.npz,sagereg_regen,2000,0.0615,0.0894447965229586,0.0096021918653883,True,0.7817139029998543,1.3057153415346243,6.0,25737.0
391,pair_391.npz,sagereg_regen,2000,0.042,12.752355627115318,9.232028633303424,False,0.7116907099998571,1.224079174303425,4.0,18318.0
392,pair_392.npz,sagereg_regen,2000,0.0665,0.1128011566945041,0.0760627208532167,True,0.7790420970000014,1.8021379554216128,3.0,27602.0
393,pair_393.npz,sagereg_regen,2000,0.0415,0.1427696319997575,0.0413661800321173,True,0.8129072189999533,1.5487141851953798,5.0,29173.0
394,pair_394.npz,sagereg_regen,2000,0.0475,0.047773995344576,0.0111764123877684,True,0.7959406260001742,1.2625633759899235,6.0,27472.0
395,pair_395.npz,sagereg_regen,2000,0.0625,0.0498512910420501,0.0103392284490499,True,0.7338530939996417,1.40201575742039,3.0,25236.0
396,pair_396.npz,sagereg_regen,2000,0.0675,0.0408683216526175,0.0190513124477744,True,0.7249611309998727,1.32439324231294,4.0,24542.0
397,pair_397.npz,sagereg_regen,2000,0.0585,0.0476632394667719,0.0400680695764478,True,0.7143500960000893,1.8251408156950937,2.0,26776.0
398,pair_398.npz,sagereg_regen,2000,0.0345,0.127594798585939,0.077758038954926,True,0.7823011259997656,1.84473348023222,5.0,27464.0
399,pair_399.npz,sagereg_regen,2000,0.066,0.3764307556937942,0.063873152648179,True,0.8270245999997314,1.5433874710825148,6.0,29071.0
400,pair_400.npz,sagereg_regen,2000,0.0505,0.1371181965031937,0.0394268533130501,True,0.7823889309997867,1.3751330938572577,6.0,24156.0
401,pair_401.npz,sagereg_regen,2000,0.03,0.344774659487858,0.0533217738487475,True,0.7142899499999658,1.1753931482330024,3.0,21573.0
402,pair_402.npz,sagereg_regen,2000,0.089,0.187514950478514,0.0576556294551282,True,0.7867749209999602,1.227670157513044,5.0,24067.0
403,pair_403.npz,sagereg_regen,2000,0.0775,0.0738140037518781,0.0267902897700659,True,0.792531279999821,1.5385670487581438,4.0,27571.0
404,pair_404.npz,sagereg_regen,2000,0.1065,0.0623105160383784,0.0155055758697449,True,0.7932142979998389,1.833011156004194,3.0,25829.0
405,pair_405.npz,sagereg_regen,2000,0.065,0.0568407471431306,0.0321180434434033,True,0.7647910599998795,1.322281740729609,6.0,23895.0
406,pair_406.npz,sagereg_regen,2000,0.1045,0.0290716526842994,0.0096717568837089,True,0.7589365369999541,1.2062597020326056,6.0,21014.0
407,pair_407.npz,sagereg_regen,2000,0.0985,0.1202825743777814,0.024131396935674,True,0.740948053000011,1.2350350085665156,4.0,21160.0
408,pair_408.npz,sagereg_regen,2000,0.1075,0.0497085471230436,0.0190953144736912,True,0.7590508090002004,1.306733824167169,4.0,22671.0
409,pair_409.npz,sagereg_regen,2000,0.1205,0.0652006597333282,0.0226391161220392,True,0.8000993609998659,1.5620366168985202,4.0,24854.0
410,pair_410.npz,sagereg_regen,2000,0.073,0.0511139535037299,0.0190518508128237,True,0.8156249090002348,1.6257749910326336,6.0,29157.0
411,pair_411.npz,sagereg_regen,2000,0.081,0.0638669186200685,0.0250360354150609,True,0.8688027100001818,1.9142462630275816,6.0,31318.0
412,pair_412.npz,sagereg_regen,2000,0.018,0.0,0.0216873710030893,True,0.7927159959999699,1.589784978176996,5.0,29876.0
413,pair_413.npz,sagereg_regen,2000,0.019,0.3576546715578786,0.1415869046210951,True,0.7979742369998348,2.005111647289673,5.0,31089.0
414,pair_414.npz,sagereg_regen,2000,0.0255,0.2232171110507363,0.0915425799204184,True,0.7685785109997596,1.1649000485641934,5.0,30907.0
415,pair_415.npz,sagereg_regen,2000,0.0835,0.0820565044011814,0.013096499530035,True,0.7694067510001332,1.4823560483499962,4.0,27698.0
416,pair_416.npz,sagereg_regen,2000,0.086,0.0710647522705831,0.0128975631024924,True,0.8023523690003458,1.6082314824959514,3.0,28623.0
417,pair_417.npz,sagereg_regen,2000,0.064,0.05980986531036,0.0093942163048973,True,0.7955588549998538,1.5736781375687563,3.0,27370.0
418,pair_418.npz,sagereg_regen,2000,0.039,0.0788107319750738,0.0356022356272804,True,0.7702720490001411,1.7616776786438288,4.0,26112.0
419,pair_419.npz,sagereg_regen,2000,0.0665,0.1509015955260739,0.0415723998619495,True,0.7474375349997899,1.406320326356601,4.0,23211.0
420,pair_420.npz,sagereg_regen,2000,0.113,0.1540370735115464,0.0248357562074101,True,0.7807428519995483,1.5525996648900309,6.0,20875.0
421,pair_421.npz,sagereg_regen,2000,0.11,0.1816971962453708,0.0142978052616019,True,0.7801166399999602,1.747887002089126,5.0,21894.0
422,pair_422.npz,sagereg_regen,2000,0.064,0.1103873930831543,0.0116894739150065,True,0.7608999660001246,1.358849893888968,3.0,22376.0
423,pair_423.npz,sagereg_regen,2000,0.124,0.2211750937925561,0.0242486122445224,True,0.7654479699995136,1.548545147420885,3.0,22663.0
424,pair_424.npz,sagereg_regen,2000,0.098,0.0805164351934098,0.0300426136270932,True,0.7849906890000966,1.2227455131813791,4.0,25434.0
425,pair_425.npz,sagereg_regen,2000,0.062,0.1414605688608208,0.0212285295806038,True,0.7877368589997786,1.1189089416529905,4.0,25572.0
426,pair_426.npz,sagereg_regen,2000,0.039,1.022603576660429,9.628597064415096,False,0.7645638389999476,1.1813414573700105,6.0,20777.0
427,pair_427.npz,sagereg_regen,2000,0.0445,0.1414916685350188,0.0135042924340774,True,0.8035291920000418,1.4510636335081435,6.0,26091.0
428,pair_428.npz,sagereg_regen,2000,0.0735,0.1515531754153844,0.0245364523874736,True,0.8117658070000289,1.4801580204456204,4.0,25999.0
429,pair_429.npz,sagereg_regen,2000,0.063,0.077042667523621,0.0359401781501131,True,0.7735933039998599,1.3327666294817992,4.0,24633.0
430,pair_430.npz,sagereg_regen,2000,0.0715,0.102903413619753,0.0176049683003548,True,0.8091736149999633,1.4054110131664683,4.0,26442.0
431,pair_431.npz,sagereg_regen,2000,0.075,0.1406795899968357,0.0410905933628665,True,0.7470034130001295,1.6394438895596848,2.0,27564.0
432,pair_432.npz,sagereg_regen,2000,0.11,0.0654729780071495,0.0189148143708304,True,0.8058519570004137,1.6636673495349037,2.0,27124.0
433,pair_433.npz,sagereg_regen,2000,0.0905,0.1151829783607984,0.0142853413013139,True,0.8157743300002949,1.5990457653798027,5.0,26781.0
434,pair_434.npz,sagereg_regen,2000,0.11,0.0926228679618041,0.0107502141799194,True,0.778267221999613,1.558162934253582,4.0,25183.0
435,pair_435.npz,sagereg_regen,2000,0.097,0.0876832368459086,0.0181125358908692,True,0.7526266660001966,1.558171917743712,4.0,22916.0
436,pair_436.npz,sagereg_regen,2000,0.0775,0.147188925189201,0.0161286191014224,True,0.7748010799996337,1.4525013085969112,5.0,23757.0
437,pair_437.npz,sagereg_regen,2000,0.1,0.1463692136720296,0.01088700632667,True,0.7693215290000808,1.482490281623084,4.0,24266.0
438,pair_438.npz,sagereg_regen,2000,0.1125,0.0425751895828772,0.0126658040220467,True,0.8039792169997781,1.731676427765476,5.0,24893.0
439,pair_439.npz,sagereg_regen,2000,0.088,0.1320882925376255,0.0093747762207558,True,0.7692217460003121,1.6443920788349242,4.0,25019.0
440,pair_440.npz,sagereg_regen,2000,0.0855,0.0928417091112672,0.0209822301753644,True,0.7907270900000185,1.467737350002918,6.0,23891.0
441,pair_441.npz,sagereg_regen,2000,0.106,0.2679845294908451,0.0147331208301427,True,0.7657539550000365,1.5961232555128655,3.0,21819.0
442,pair_442.npz,sagereg_regen,2000,0.1115,0.1084507778633733,0.014062131529958,True,0.7542979839995496,1.5188387801656045,3.0,20745.0
443,pair_443.npz,sagereg_regen,2000,0.0555,0.1586917842829518,0.0203785693248012,True,0.7202362200000607,1.3923293037943445,4.0,17618.0
444,pair_444.npz,sagereg_regen,2000,0.0655,0.1416040154442035,0.0328308872999463,True,0.7406748039998092,1.400143434936738,6.0,20713.0
445,pair_445.npz,sagereg_regen,2000,0.0725,0.0869336842410021,0.0197369329521331,True,0.7277301819995046,1.215791380230285,3.0,22095.0
446,pair_446.npz,sagereg_regen,2000,0.083,0.1206994733724445,0.0185081735924141,True,0.7438549369999237,1.4541161573616517,4.0,22410.0
447,pair_447.npz,sagereg_regen,2000,0.0755,0.1953548806220501,0.0086145568549324,True,0.7601938220000193,1.3237320526750738,5.0,21605.0
448,pair_448.npz,sagereg_regen,2000,0.0685,0.1485977106827423,0.0277227104999688,True,0.7574921690002157,1.5834255453260266,4.0,21583.0
449,pair_449.npz,sagereg_regen,2000,0.051,0.0592135130234986,0.017705712365217,True,0.737206139999671,1.4603258714192149,4.0,20264.0
450,pair_450.npz,sagereg_regen,2000,0.072,0.1085654731079715,0.0150046142131858,True,0.7733366020001995,1.581942450371664,5.0,22699.0
451,pair_451.npz,sagereg_regen,2000,0.102,0.0549484954036894,0.0143567345197047,True,0.7850366639995627,1.733717535984746,4.0,24187.0
452,pair_452.npz,sagereg_regen,2000,0.0975,0.1144641386743391,0.0473300119744061,True,0.772883405999437,1.6275008592962203,3.0,23968.0
453,pair_453.npz,sagereg_regen,2000,0.0905,0.0780829156114889,0.0066518569980138,True,0.7886488079993796,1.388091863313113,6.0,22767.0
454,pair_454.npz,sagereg_regen,2000,0.0465,0.0925957165809489,0.0326097475967099,True,0.7591912890002277,1.2796859766216286,6.0,21328.0
455,pair_455.npz,sagereg_regen,2000,0.0675,0.1194941762811432,0.0504309694827008,True,0.7573580470002526,1.8036345543977896,3.0,23529.0
456,pair_456.npz,sagereg_regen,2000,0.1065,0.1048363531691548,0.0157447450077436,True,0.7950504119999096,1.5161434582364794,4.0,27072.0
457,pair_457.npz,sagereg_regen,2000,0.0525,0.1294415823580056,0.0390868473138933,True,0.8041496499995446,1.524944687421083,4.0,29209.0
458,pair_458.npz,sagereg_regen,2000,0.0345,0.137746333970851,0.0245492042903239,True,0.8051936010001555,1.460033519673808,4.0,31531.0
459,pair_459.npz,sagereg_regen,2000,0.03,0.0949190001766843,0.0118866772398497,True,0.860614983999767,1.986459055613144,5.0,35716.0
460,pair_460.npz,sagereg_regen,2000,0.016,0.0167017523578595,0.0327695025609777,True,0.8863246079999954,1.91281481965979,5.0,40107.0
461,pair_461.npz,sagereg_regen,2000,0.018,0.0794982713427333,0.0470385774044481,True,0.9265875690002758,1.6586201505406228,6.0,42552.0
462,pair_462.npz,sagereg_regen,2000,0.007,1.9659374729099293,12.437848508464883,False,0.8543634729999212,1.2517830783148591,6.0,27304.0
463,pair_463.npz,sagereg_regen,2000,0.0085,51.68227732822826,7.209082277042655,False,0.8435938730003727,1.2568602216941571,5.0,24714.0
464,pair_464.npz,sagereg_regen,2000,0.0065,30.176881509655296,9.13937689784312,False,0.8324441950003347,1.6205686057418942,6.0,25944.0
465,pair_465.npz,sagereg_regen,2000,0.009,0.0650527960150063,0.0353205277028611,True,0.9310369280001396,1.811057696407908,6.0,46785.0
466,pair_466.npz,sagereg_regen,2000,0.042,0.0445534819949599,0.0061418685678626,True,0.8521387410005445,1.7552167255422022,4.0,42237.0
467,pair_467.npz,sagereg_regen,2000,0.0745,0.0740740600835454,0.045616225125456,True,0.8842595730002358,1.9170541894591333,6.0,38011.0
468,pair_468.npz,sagereg_regen,2000,0.002,179.81181534088648,7.950249931180736,False,0.7595753530004004,1.1648333198578926,6.0,26626.0
469,pair_469.npz,sagereg_regen,2000,0.009,0.0857517211831314,0.0782864870410827,True,0.8866657519997716,1.9260617281278745,6.0,46576.0
470,pair_470.npz,sagereg_regen,2000,0.016,5.194215456272136,1.537725830482213,False,0.822460434000277,1.2377640397138177,6.0,36771.0
471,pair_471.npz,sagereg_regen,2000,0.007,175.19326298840818,12.693393972184952,False,0.7587295539997285,1.0094726921788306,6.0,17672.0
472,pair_472.npz,sagereg_regen,2000,0.0205,0.0384294283233811,0.0451583130050212,True,0.8315169059997061,1.2227213417842673,3.0,40452.0
473,pair_473.npz,sagereg_regen,2000,0.018,0.0734861935262061,0.0334479736295009,True,0.8407772909999949,1.6543422618439505,4.0,40003.0
474,pair_474.npz,sagereg_regen,2000,0.0235,0.0652154837894651,0.0512128315300653,True,0.8929711820001103,1.577331357504415,6.0,37821.0
475,pair_475.npz,sagereg_regen,2000,0.034,0.0568444978666643,0.0332805463703099,True,0.9028152029986812,1.7369683734675112,6.0,38504.0
476,pair_476.npz,sagereg_regen,2000,0.056,0.0858740364970423,0.0344181669979216,True,0.8128453730000729,1.5734490998471675,5.0,29800.0
477,pair_477.npz,sagereg_regen,2000,0.089,0.1602709597212921,0.0157516731624529,True,0.7151404940000248,1.2512333465894758,4.0,22386.0
478,pair_478.npz,sagereg_regen,2000,0.077,0.2076637223066922,0.0336071364870818,True,0.6937493290001839,1.292993738248099,4.0,16679.0
479,pair_479.npz,sagereg_regen,1869,0.0577849117174959,0.0829015741186036,0.0306595119174578,True,0.6699840259998382,1.3659176639186248,4.0,15439.0
480,pair_480.npz,sagereg_regen,1986,0.0478348439073514,0.2284111162626253,0.0478870291687662,True,0.6892804109997996,1.2238896763841247,5.0,16524.0
481,pair_481.npz,sagereg_regen,1938,0.1599587203302373,0.1014561796888959,0.0074614277053572,True,0.7119847220001247,1.4661058278231416,3.0,15380.0
482,pair_482.npz,sagereg_regen,1470,0.0421768707482993,0.3288257069900012,0.0250248705966242,True,0.4752198829996814,1.1235014668663823,3.0,12686.0
483,pair_483.npz,sagereg_regen,1126,0.0213143872113676,5.517298874752535,11.103016817042466,False,0.3933776040003067,1.1912762471324063,5.0,9010.0
484,pair_484.npz,sagereg_regen,1240,0.0508064516129032,0.6768889263285685,0.0496122854609654,True,0.4243345250001766,1.0483203679380222,5.0,11218.0
485,pair_485.npz,sagereg_regen,1336,0.0261976047904191,12.640891298435674,10.238768189404214,False,0.4111866469997949,1.198846623376213,4.0,6634.0
486,pair_486.npz,sagereg_regen,1844,0.0558568329718004,0.1028655872100581,0.0525085638827683,True,0.5606729600003746,1.101337197594802,2.0,13543.0
487,pair_487.npz,sagereg_regen,2000,0.0365,0.1356565141553166,0.0220238589572586,True,0.7134774919995834,1.6206564392354994,6.0,21068.0
488,pair_488.npz,sagereg_regen,2000,0.109,0.0973567059827103,0.0403005255952718,True,0.8145772719994966,1.961991585836562,3.0,24993.0
489,pair_489.npz,sagereg_regen,2000,0.056,0.0529153456043266,0.0307340645374981,True,0.7657512609998776,1.5213458203953183,5.0,24772.0
490,pair_490.npz,sagereg_regen,2000,0.0405,0.2893603291903676,0.0099990601351593,True,0.6851656119997642,1.134766556963322,2.0,16079.0
491,pair_491.npz,sagereg_regen,1783,0.0661805945036455,0.1767962103639317,0.0277155123320469,True,0.634496941001089,1.1098752197016974,5.0,15389.0
492,pair_492.npz,sagereg_regen,1636,0.0819070904645476,0.1092969948303464,0.0088802404609084,True,0.5617719370002305,1.2631471932087666,3.0,13732.0
493,pair_493.npz,sagereg_regen,1950,0.0569230769230769,0.1944602658778861,0.0462656621389717,True,0.6835793360000935,1.39332593398755,3.0,16515.0
494,pair_494.npz,sagereg_regen,2000,0.051,0.068060800339027,0.0347469046299056,True,0.7342008619998523,1.4522078803813838,5.0,20750.0
495,pair_495.npz,sagereg_regen,2000,0.065,0.0847160884705171,0.032166183810335,True,0.7397793349991844,1.3045515860574792,6.0,19195.0
496,pair_496.npz,sagereg_regen,2000,0.05,0.2040691778193596,0.0359826211793783,True,0.7266684179999174,1.3305644934685252,5.0,17971.0
497,pair_497.npz,sagereg_regen,2000,0.119,0.0762926754049935,0.020254154229221,True,0.763811600000281,1.3439250193259702,4.0,21345.0
498,pair_498.npz,sagereg_regen,2000,0.0875,0.1418674954111593,0.0069833259324357,True,0.7474037980000503,1.5317845880722176,3.0,21643.0
499,pair_499.npz,sagereg_regen,2000,0.075,0.0709931507645145,0.0332483482745606,True,0.7756031840008291,1.5524477871484057,5.0,23119.0
500,pair_500.npz,sagereg_regen,2000,0.0785,0.1941454239431544,0.0263696472725029,True,0.7756506880000416,1.567417094358256,5.0,22981.0
501,pair_501.npz,sagereg_regen,2000,0.053,0.0946087429262527,0.0232124159222977,True,0.7372036680003475,1.17825728604681,5.0,20732.0
502,pair_502.npz,sagereg_regen,2000,0.0805,0.1160390981479924,0.0374066119593455,True,0.7326655289998598,1.1902170663323353,4.0,18692.0
503,pair_503.npz,sagereg_regen,2000,0.095,0.2757908714610932,0.0132096447376995,True,0.787156063999987,1.2385470225895874,5.0,22760.0
504,pair_504.npz,sagereg_regen,2000,0.079,0.0628598156514389,0.0210173809453819,True,0.8031630709997444,1.5358038876339717,4.0,23181.0
505,pair_505.npz,sagereg_regen,2000,0.089,0.2503158440790937,0.0202715027507539,True,0.7778469479994783,1.6576653070162188,6.0,22459.0
506,pair_506.npz,sagereg_regen,2000,0.0585,0.3240551648666549,0.0055561069425094,True,0.706134318000295,1.1271088153462048,4.0,18907.0
507,pair_507.npz,sagereg_regen,2000,0.088,0.5449948538875752,0.0532568107780431,True,0.6999815470000215,1.088850106184428,4.0,17823.0
508,pair_508.npz,sagereg_regen,1907,0.0686942842160461,0.0689302470244149,0.0155985767726497,True,0.6639349510001011,1.134539738116942,4.0,15815.0
509,pair_509.npz,sagereg_regen,1595,0.1905956112852664,0.190740971413219,0.0259560331481429,True,0.5657556410001234,1.1147308035094523,4.0,13939.0
510,pair_510.npz,sagereg_regen,1640,0.0951219512195122,0.1213670700813949,0.0700701201046667,True,0.5277719880000404,1.127677157585845,2.0,13200.0
511,pair_511.npz,sagereg_regen,1474,0.0800542740841248,0.1751970702130298,0.0525962983072997,True,0.5108738410000058,1.1487886632023447,4.0,11558.0
512,pair_512.npz,sagereg_regen,1433,0.087927424982554,0.3463506251110481,0.0348681201803453,True,0.4887609130000783,1.239197599587324,4.0,11255.0
513,pair_513.npz,sagereg_regen,1551,0.0909090909090909,0.1309537681913651,0.0641256288326222,True,0.5262950259998433,1.2190486799406015,3.0,12910.0
514,pair_514.npz,sagereg_regen,1510,0.0649006622516556,0.1035903049619529,0.0573762143147644,True,0.5413305770002808,1.4999970989083142,4.0,12045.0
515,pair_515.npz,sagereg_regen,2000,0.036,0.3086909335711802,0.1021700160660725,True,0.7060090519999846,1.4748661624676422,5.0,14166.0
516,pair_516.npz,sagereg_regen,2000,0.0405,0.204781727277334,0.2257522913305589,True,0.796511470999576,1.797946001152125,5.0,27248.0
517,pair_517.npz,sagereg_regen,2000,0.0485,0.0418702049052273,0.0588929754617651,True,0.7961895700000241,1.4585351394676829,5.0,27391.0
518,pair_518.npz,sagereg_regen,2000,0.107,0.034346565274497,0.026226826520976,True,0.8251322450000771,1.3958557098062374,5.0,28591.0
519,pair_519.npz,sagereg_regen,2000,0.083,0.0939329309823956,0.0129064412597399,True,0.8139913539999952,1.4346386927412005,5.0,29329.0
520,pair_520.npz,sagereg_regen,2000,0.039,0.1143362509278859,0.0225879878766745,True,0.7895080070002223,1.4363679671173857,5.0,30581.0
521,pair_521.npz,sagereg_regen,2000,0.035,0.0590704119749657,0.0414927184093761,True,0.7835828169995693,1.7658926133502846,4.0,34357.0
522,pair_522.npz,sagereg_regen,2000,0.018,0.0963377745505349,0.0269728745953428,True,0.8185308850002002,1.7622875182499775,6.0,37297.0
523,pair_523.npz,sagereg_regen,2000,0.032,0.0345568719918614,0.015585507179306,True,0.858895863000015,1.6459037410776045,5.0,33771.0
524,pair_524.npz,sagereg_regen,2000,0.044,0.0218983051578664,0.0115467354207127,True,0.8421827769998345,1.928966340007503,5.0,31614.0
525,pair_525.npz,sagereg_regen,2000,0.0665,0.0432861617172071,0.0069062269398152,True,0.845192415999918,2.0306907635983324,5.0,30561.0
526,pair_526.npz,sagereg_regen,2000,0.086,0.0639857532910583,0.0163266115239531,True,0.7888852040000529,1.8065430609363768,5.0,25113.0
527,pair_527.npz,sagereg_regen,2000,0.0875,0.0664465866823726,0.0221195051418306,True,0.7270125649999954,1.316242017957047,2.0,20438.0
528,pair_528.npz,sagereg_regen,2000,0.0945,0.0548650629231173,0.016107976830581,True,0.7692993050004588,1.6870277426454965,3.0,21711.0
529,pair_529.npz,sagereg_regen,2000,0.1115,0.1173411337069435,0.0450837831752163,True,0.7667395799999213,1.449719017670782,2.0,22676.0
530,pair_530.npz,sagereg_regen,2000,0.0795,0.097523679932421,0.0401330843737436,True,0.7816716779998387,1.4230062654379303,5.0,22742.0
531,pair_531.npz,sagereg_regen,2000,0.069,0.0702264962858282,0.0393662996885906,True,0.7081039160000273,1.6154000964792,2.0,23446.0
532,pair_532.npz,sagereg_regen,2000,0.089,0.1118720273774494,0.0088270842359707,True,0.8113439829999152,1.6005732114679834,5.0,23853.0
533,pair_533.npz,sagereg_regen,2000,0.073,0.1246649336890552,0.0339130014045595,True,0.8154809740003657,1.4036710397612322,5.0,26092.0
534,pair_534.npz,sagereg_regen,2000,0.055,0.1168519166678962,0.0370629643220155,True,0.7599020669999845,1.313876407780841,3.0,26939.0
535,pair_535.npz,sagereg_regen,2000,0.072,0.1282845080297169,0.0310401185167713,True,0.7784553120000055,1.63189882108568,4.0,26528.0
536,pair_536.npz,sagereg_regen,2000,0.0805,0.0620443584943411,0.0077910398779032,True,0.7439711959996202,1.5768773019687063,2.0,27994.0
537,pair_537.npz,sagereg_regen,2000,0.0545,0.1524670506092514,0.0260254630495677,True,0.7744672740000169,1.6318245642655125,3.0,29193.0
538,pair_538.npz,sagereg_regen,2000,0.018,1.7707895943803376,0.1653476076108003,True,0.7506758419999642,1.497837616040952,3.0,29649.0
539,pair_539.npz,sagereg_regen,2000,0.032,0.8728136014883214,0.0571339625102096,True,0.7207404549999978,1.5445709685958189,3.0,24422.0
540,pair_540.npz,sagereg_regen,2000,0.065,0.0553429678353774,0.0651552565422034,True,0.7126767450004081,1.748079661102031,5.0,19045.0
541,pair_541.npz,sagereg_regen,1911,0.0716902145473574,0.5551178189542979,0.0202213163500943,True,0.6394048040001508,1.163984972957111,3.0,13883.0
542,pair_542.npz,sagereg_regen,1522,0.114323258869908,0.0987288486844276,0.0572862294487504,True,0.5116585560003841,1.120873964926762,4.0,13005.0
543,pair_543.npz,sagereg_regen,1698,0.1342756183745583,0.201606128176493,0.0197371479257274,True,0.5583955220000689,1.168998951087834,2.0,13863.0
544,pair_544.npz,sagereg_regen,2000,0.11,0.2956982723195457,0.0366292659056302,True,0.7075648360000741,1.2107058196233014,2.0,14952.0
545,pair_545.npz,sagereg_regen,2000,0.106,0.0751303545954638,0.0778176165684627,True,0.723592515999826,1.31750073542164,3.0,18069.0
546,pair_546.npz,sagereg_regen,2000,0.091,0.2329123131850083,0.0425684641547326,True,0.7601142260004963,1.5554039223165588,5.0,18078.0
547,pair_547.npz,sagereg_regen,2000,0.0685,0.1259750895965013,0.0099590917561921,True,0.7059283369999889,1.2444563944620122,3.0,17833.0
548,pair_548.npz,sagereg_regen,1893,0.0359218172213417,0.3261757797369937,0.0625887421468573,True,0.6397994349995315,1.1980496829210896,6.0,14305.0
549,pair_549.npz,sagereg_regen,1976,0.0824898785425101,0.0783463178432335,0.0503199222670842,True,0.6791232770001443,1.2253321964389658,3.0,15331.0
550,pair_550.npz,sagereg_regen,2000,0.135,0.1220958606178155,0.0216241010422129,True,0.7365652450002926,1.4326794988118534,4.0,18645.0
551,pair_551.npz,sagereg_regen,2000,0.102,0.0928946608376282,0.0091432323354827,True,0.7874681170000031,1.72154591977183,4.0,20524.0
552,pair_552.npz,sagereg_regen,2000,0.131,0.0934501808216573,0.0187460340926529,True,0.7309752239998488,1.6911938471281491,1.0,21412.0
553,pair_553.npz,sagereg_regen,1971,0.0730593607305936,0.0756866532575823,0.0437139535758494,True,0.6883120040001813,1.5393898600989508,3.0,16340.0
554,pair_554.npz,sagereg_regen,2000,0.062,0.0837068247389613,0.0527978389753278,True,0.6981480370000099,1.2041571246762737,4.0,15612.0
